questionId,trade_count,q1,q2,q3,q4,setA,setB,setN,active
8,1,T,F,F,F,F,F,T,N
18,3,T,F,F,F,F,F,T,N
21,2,T,F,F,F,F,F,T,N
24,4,T,F,F,F,F,F,T,N
25,2,T,F,F,F,F,F,T,N
26,4,T,F,F,F,F,F,T,N
27,7,T,F,F,F,F,F,T,N
28,9,T,F,F,F,F,F,T,N
29,9,T,F,F,F,F,F,T,N
30,19,T,F,F,F,F,F,T,N
31,4,T,F,F,F,F,F,T,N
32,2,T,F,F,F,F,F,T,N
33,1,T,F,F,F,F,F,T,N
34,2,T,F,F,F,F,F,T,N
36,0,T,F,F,F,F,F,T,N
43,4,T,F,F,F,F,T,F,N
44,24,T,F,F,F,T,F,F,Y
45,23,T,F,F,F,T,F,F,Y
46,5,T,F,F,F,F,T,F,N
47,2,T,F,F,F,F,T,F,N
48,38,T,F,F,F,T,F,F,Y
49,4,T,F,F,F,F,F,T,N
50,2,T,F,F,F,F,F,T,N
56,2,T,F,F,F,F,F,T,N
57,7,T,F,F,F,F,F,T,N
58,5,T,F,F,F,F,F,T,N
59,2,T,F,F,F,F,F,T,N
60,2,T,F,F,F,F,F,T,N
63,0,T,F,F,F,F,F,T,N
64,1,T,F,F,F,F,F,T,N
65,1,T,F,F,F,F,F,T,N
66,1,T,F,F,F,F,F,T,N
68,3,T,F,F,F,F,F,T,N
69,1,T,F,F,F,F,F,T,N
70,3,T,F,F,F,F,F,T,N
71,11,T,F,F,F,F,F,T,N
76,70,T,F,F,F,T,F,F,Y
84,15,T,F,F,F,F,T,F,N
102,24,T,F,F,F,F,T,F,N
103,57,T,F,F,F,T,F,F,Y
105,46,T,F,F,F,F,F,T,N
107,1,T,F,F,F,F,F,T,N
123,10,T,F,F,F,T,F,F,Y
124,5,T,F,F,F,F,F,T,N
125,3,T,F,F,F,F,F,T,N
128,50,T,F,F,F,T,F,F,Y
129,43,T,F,F,F,T,F,F,Y
130,6,T,F,F,F,F,T,F,N
132,11,T,F,F,F,F,F,T,N
133,16,T,F,F,F,F,F,T,N
134,2,T,F,F,F,F,F,T,N
135,0,T,F,F,F,F,F,T,N
136,55,T,F,F,F,F,F,T,N
137,2,T,F,F,F,F,F,T,N
138,30,T,F,F,F,T,F,F,Y
139,0,T,F,F,F,F,T,F,N
140,39,T,F,F,F,T,F,F,Y
141,0,T,F,F,F,F,F,T,N
144,14,T,F,F,F,T,F,F,Y
145,11,T,F,F,F,F,T,F,N
146,1,T,F,F,F,F,F,T,N
147,3,T,F,F,F,F,F,T,N
148,0,T,F,F,F,F,F,T,N
151,6,T,F,F,F,F,F,T,N
152,0,T,F,F,F,F,F,T,N
154,24,T,F,F,F,T,F,F,Y
156,0,T,F,F,F,F,F,T,N
158,64,T,F,F,F,T,F,F,Y
161,1,T,F,F,F,F,F,T,N
162,1,T,F,F,F,F,F,T,N
167,0,T,F,F,F,F,F,T,N
170,1,T,F,F,F,F,F,T,N
171,2,T,F,F,F,F,F,T,N
172,10,T,F,F,F,F,T,F,N
173,28,T,F,F,F,T,F,F,Y
175,27,T,F,F,F,T,F,F,Y
176,2,T,F,F,F,F,F,T,N
177,3,T,F,F,F,F,F,T,N
178,9,T,F,F,F,F,F,T,N
179,8,T,F,F,F,T,F,F,Y
180,1,T,F,F,F,F,F,T,N
181,2,T,F,F,F,F,F,T,N
182,1,T,F,F,F,F,F,T,N
183,12,T,F,F,F,F,T,F,N
184,71,T,F,F,F,T,F,F,Y
188,15,T,F,F,F,F,T,F,N
189,12,T,F,F,F,F,T,F,N
190,16,T,F,F,F,F,T,F,N
191,8,T,F,F,F,T,F,F,Y
192,9,T,F,F,F,F,T,F,N
193,21,T,F,F,F,T,F,F,Y
194,23,T,F,F,F,F,T,F,N
195,6,T,F,F,F,T,F,F,Y
197,8,T,F,F,F,T,F,F,Y
198,3,T,F,F,F,F,F,T,N
199,15,T,F,F,F,F,T,F,N
200,10,T,F,F,F,F,F,T,N
201,37,T,F,F,F,T,F,F,Y
204,51,T,F,F,F,T,F,F,Y
205,5,T,F,F,F,F,T,F,N
207,0,T,F,F,F,F,T,F,N
208,45,T,F,F,F,T,F,F,Y
209,5,T,F,F,F,F,T,F,N
212,7,T,F,F,F,F,T,F,N
213,25,T,F,F,F,F,T,F,N
214,0,T,F,F,F,F,F,T,N
215,0,T,F,F,F,F,F,T,N
216,54,T,F,F,F,T,F,F,Y
217,9,T,F,F,F,F,T,F,N
220,5,T,F,F,F,F,T,F,N
224,14,T,F,F,F,T,F,F,Y
225,1,T,F,F,F,F,F,T,N
226,0,T,F,F,F,F,F,T,N
227,0,T,F,F,F,F,F,T,N
228,4,T,F,F,F,F,F,T,N
229,58,T,F,F,F,T,F,F,Y
230,16,T,F,F,F,T,F,F,Y
231,3,T,F,F,F,F,F,T,N
253,18,T,F,F,F,T,F,F,Y
254,4,T,F,F,F,F,T,F,N
257,3,T,F,F,F,F,T,F,N
287,0,T,F,F,F,F,F,T,N
290,0,T,F,F,F,F,F,T,N
291,0,T,F,F,F,F,F,T,N
292,0,T,F,F,F,F,F,T,N
293,0,T,F,F,F,F,F,T,N
294,0,T,F,F,F,F,F,T,N
295,0,T,F,F,F,F,F,T,N
296,0,T,F,F,F,F,F,T,N
297,0,T,F,F,F,F,F,T,N
298,0,T,F,F,F,F,F,T,N
299,0,T,F,F,F,F,F,T,N
300,0,T,F,F,F,F,F,T,N
301,0,T,F,F,F,F,F,T,N
302,1,T,F,F,F,F,F,T,N
307,4,T,F,F,F,F,T,F,N
309,22,T,F,F,F,T,F,F,Y
310,0,T,F,F,F,F,F,T,N
311,1,T,F,F,F,F,F,T,N
312,8,T,F,F,F,F,F,T,N
313,13,T,F,F,F,F,F,T,N
314,16,T,F,F,F,T,F,F,Y
315,0,T,F,F,F,F,F,T,N
316,11,T,F,F,F,T,F,F,Y
317,10,T,F,F,F,F,F,T,N
318,12,T,F,F,F,F,F,T,N
320,54,T,F,F,F,F,F,T,N
321,218,T,F,F,F,T,F,F,Y
322,11,T,F,F,F,F,F,T,N
326,45,T,F,F,F,T,F,F,Y
327,0,T,F,F,F,F,F,T,N
328,67,T,F,F,F,T,F,F,Y
330,0,T,F,F,F,F,F,T,N
332,0,T,F,F,F,F,F,T,N
333,17,T,F,F,F,T,F,F,Y
334,8,T,F,F,F,F,T,F,N
336,0,T,F,F,F,F,F,T,N
337,4,T,F,F,F,F,T,F,N
338,46,T,F,F,F,T,F,F,Y
341,18,T,F,F,F,F,T,F,N
342,13,T,F,F,F,F,T,F,N
343,30,T,F,F,F,F,T,F,N
345,14,T,F,F,F,T,F,F,Y
346,8,T,F,F,F,F,F,T,N
347,15,T,F,F,F,T,F,F,Y
349,29,T,F,F,F,F,T,F,N
350,0,T,F,F,F,F,F,T,N
351,1,T,F,F,F,F,F,T,N
352,16,T,F,F,F,F,T,F,N
353,5,T,F,F,F,F,F,T,N
355,33,T,F,F,F,T,F,F,Y
357,16,T,F,F,F,T,F,F,Y
358,46,T,F,F,F,T,F,F,Y
359,12,T,F,F,F,F,T,F,N
360,10,T,F,F,F,F,T,F,N
361,3,T,F,F,F,F,T,F,N
362,0,T,F,F,F,F,F,T,N
363,1,T,F,F,F,F,F,T,N
369,42,T,F,F,F,T,F,F,Y
370,0,T,F,F,F,F,T,F,N
372,10,T,F,F,F,F,T,F,N
374,45,T,F,F,F,T,F,F,Y
375,48,T,F,F,F,F,T,F,N
376,7,T,F,F,F,T,F,F,Y
377,9,T,F,F,F,T,F,F,Y
379,21,T,F,F,F,F,F,T,N
382,85,T,F,F,F,F,T,F,N
384,56,T,F,F,F,T,F,F,Y
386,34,T,F,F,F,T,F,F,Y
387,0,T,F,F,F,F,F,T,N
393,8,T,F,F,F,F,T,F,N
399,9,T,F,F,F,F,T,F,N
400,1,T,F,F,F,F,F,T,N
402,8,T,F,F,F,F,F,T,N
403,90,T,F,F,F,T,F,F,Y
404,30,T,F,F,F,F,T,F,N
405,14,T,F,F,F,F,T,F,N
406,4,T,F,F,F,F,F,T,N
409,0,T,F,F,F,F,F,T,N
410,10,T,F,F,F,F,T,F,N
411,7,T,F,F,F,F,F,T,N
413,3,T,F,F,F,F,T,F,N
414,7,T,F,F,F,F,F,T,N
416,4,T,F,F,F,T,F,F,Y
417,11,T,F,F,F,F,T,F,N
418,81,T,F,F,F,T,F,F,Y
419,26,T,F,F,F,T,F,F,Y
420,191,T,F,F,F,T,F,F,Y
421,8,T,F,F,F,F,F,T,N
422,6,T,F,F,F,F,T,F,N
424,5,T,F,F,F,F,F,T,N
425,17,T,F,F,F,T,F,F,Y
426,8,T,F,F,F,F,T,F,N
427,0,T,F,F,F,F,F,T,N
428,5,T,F,F,F,T,F,F,Y
431,2,T,F,F,F,F,F,T,N
435,2,T,F,F,F,F,F,T,N
436,1,T,F,F,F,F,F,T,N
437,1,T,F,F,F,F,F,T,N
438,33,T,F,F,F,T,F,F,Y
439,0,T,F,F,F,F,F,T,N
440,0,T,F,F,F,F,F,T,N
441,0,T,F,F,F,F,F,T,N
442,2,T,F,F,F,F,F,T,N
443,1,T,F,F,F,F,F,T,N
445,13,T,F,F,F,F,T,F,N
446,13,T,F,F,F,F,F,T,N
447,56,T,F,F,F,T,F,F,Y
448,12,T,F,F,F,T,F,F,Y
449,2,T,F,F,F,F,F,T,N
450,20,T,F,F,F,F,F,T,N
451,18,T,F,F,F,T,F,F,Y
452,37,T,F,F,F,T,F,F,Y
453,3,T,F,F,F,F,F,T,N
454,42,T,F,F,F,T,F,F,Y
455,3,T,F,F,F,F,F,T,N
456,1,T,F,F,F,F,F,T,N
459,16,T,F,F,F,F,T,F,N
465,5,T,F,F,F,F,T,F,N
466,19,T,F,F,F,F,T,F,N
467,2,T,F,F,F,T,F,F,Y
468,6,T,F,F,F,T,F,F,Y
469,15,T,F,F,F,F,T,F,N
483,0,T,F,F,F,F,F,T,N
484,15,T,F,F,F,F,F,T,N
508,2,T,F,F,F,F,F,T,N
511,4,T,F,F,F,F,T,F,N
529,38,T,F,F,F,T,F,F,Y
531,3,T,F,F,F,F,F,T,N
532,1,T,F,F,F,F,F,T,N
533,7,T,F,F,F,F,T,F,N
534,9,T,F,F,F,F,F,T,N
535,1,T,F,F,F,F,F,T,N
540,1,T,F,F,F,F,F,T,N
541,2,T,F,F,F,F,F,T,N
547,3,T,F,F,F,F,F,T,N
548,6,T,F,F,F,F,F,T,N
549,1,T,F,F,F,F,F,T,N
551,1,T,F,F,F,F,T,F,N
552,2,T,F,F,F,F,T,F,N
553,23,T,F,F,F,T,F,F,Y
554,27,T,F,F,F,F,T,F,N
555,17,T,F,F,F,F,F,T,N
556,40,T,F,F,F,F,F,T,N
557,1,T,F,F,F,F,F,T,N
558,3,T,F,F,F,F,F,T,N
559,3,T,F,F,F,F,T,F,N
560,5,T,F,F,F,F,T,F,N
561,12,T,F,F,F,T,F,F,Y
562,5,T,F,F,F,F,T,F,N
565,30,T,F,F,F,T,F,F,Y
566,276,T,F,F,F,F,T,F,N
568,1,T,F,F,F,F,F,T,N
577,1,T,F,F,F,F,F,T,N
579,0,T,F,F,F,F,F,T,N
580,27,T,F,F,F,F,T,F,N
581,5,T,F,F,F,T,F,F,Y
582,15,T,F,F,F,F,T,F,N
583,69,T,F,F,F,T,F,F,Y
584,9,T,F,F,F,F,T,F,N
586,2,T,F,F,F,F,F,T,N
587,5,T,F,F,F,F,T,F,N
588,104,T,F,F,F,T,F,F,Y
607,10,T,F,F,F,T,F,F,Y
608,1,T,F,F,F,F,F,T,N
609,8,T,F,F,F,T,F,F,Y
616,4,T,F,F,F,F,T,F,N
620,112,T,F,F,F,T,F,F,Y
622,54,T,F,F,F,T,F,F,Y
623,8,T,F,F,F,F,T,F,N
624,15,T,F,F,F,F,T,F,N
625,23,T,F,F,F,T,F,F,Y
628,4,T,F,F,F,F,T,F,N
629,11,T,F,F,F,F,F,T,N
631,0,T,F,F,F,F,F,T,N
632,1,T,F,F,F,F,T,F,N
633,9,T,F,F,F,T,F,F,Y
634,2,T,F,F,F,F,F,T,N
635,13,T,F,F,F,T,F,F,Y
636,5,T,F,F,F,F,F,T,N
637,169,T,F,F,F,F,F,T,N
638,6,T,F,F,F,F,F,T,N
639,7,T,F,F,F,F,F,T,N
640,1,T,F,F,F,F,T,F,N
644,7,T,F,F,F,T,F,F,Y
646,1,T,F,F,F,F,F,T,N
647,40,T,F,F,F,T,F,F,Y
649,18,T,F,F,F,F,T,F,N
650,0,T,F,F,F,F,F,T,N
651,2,T,F,F,F,F,F,T,N
653,15,T,F,F,F,F,F,T,N
654,28,T,F,F,F,T,F,F,Y
656,31,T,F,F,F,F,T,F,N
657,0,T,F,F,F,F,F,T,N
659,15,T,F,F,F,F,T,F,N
663,4,T,F,F,F,T,F,F,Y
664,5,T,F,F,F,F,T,F,N
665,12,T,F,F,F,T,F,F,Y
666,18,T,F,F,F,F,T,F,N
668,8,T,F,F,F,F,F,T,N
670,16,T,F,F,F,T,F,F,Y
673,2,T,F,F,F,F,T,F,N
675,0,T,F,F,F,F,F,T,N
678,1,T,F,F,F,F,F,T,N
679,29,T,F,F,F,T,F,F,Y
680,3,T,F,F,F,F,F,T,N
681,5,T,F,F,F,F,T,F,N
682,2,T,F,F,F,F,F,T,N
683,4,T,F,F,F,F,F,T,N
684,53,T,F,F,F,T,F,F,Y
686,1,T,F,F,F,F,F,T,N
688,3,T,F,F,F,F,F,T,N
689,4,T,F,F,F,F,F,T,N
690,1,T,F,F,F,F,F,T,N
691,1,T,F,F,F,F,F,T,N
692,2,T,F,F,F,F,F,T,N
693,1,T,F,F,F,T,F,F,Y
694,6,T,F,F,F,F,F,T,N
696,7,T,F,F,F,F,F,T,N
697,9,T,F,F,F,F,F,T,N
701,2,T,F,F,F,F,F,T,N
702,88,T,F,F,F,T,F,F,Y
703,2,T,F,F,F,F,T,F,N
704,22,T,F,F,F,T,F,F,Y
705,9,T,F,F,F,F,T,F,N
706,81,T,F,F,F,T,F,F,Y
708,10,T,F,F,F,F,T,F,N
709,1,T,F,F,F,F,F,T,N
710,47,T,F,F,F,T,F,F,Y
711,14,T,F,F,F,F,F,T,N
712,1,T,F,F,F,F,F,T,N
714,4,T,F,F,F,F,F,T,N
715,29,T,F,F,F,T,F,F,Y
717,32,T,F,F,F,F,T,F,N
718,18,T,F,F,F,F,T,F,N
719,12,T,F,F,F,T,F,F,Y
720,47,T,F,F,F,T,F,F,Y
721,9,T,F,F,F,F,F,T,N
722,2,T,F,F,F,F,F,T,N
723,3,T,F,F,F,F,T,F,N
724,26,T,F,F,F,T,F,F,Y
725,3,T,F,F,F,F,F,T,N
726,31,T,F,F,F,T,F,F,Y
727,26,T,F,F,F,F,T,F,N
729,8,T,F,F,F,F,F,T,N
731,9,T,F,F,F,F,F,T,N
732,13,T,F,F,F,F,T,F,N
733,19,T,F,F,F,F,T,F,N
734,2,T,F,F,F,F,F,T,N
736,1,T,F,F,F,F,F,T,N
740,4,T,F,F,F,F,F,T,N
741,19,T,F,F,F,T,F,F,Y
742,8,T,F,F,F,F,F,T,N
743,1,T,F,F,F,F,F,T,N
744,2,T,F,F,F,F,F,T,N
745,15,T,F,F,F,T,F,F,Y
746,1,T,F,F,F,F,F,T,N
748,24,T,F,F,F,F,F,T,N
749,9,T,F,F,F,F,F,T,N
753,1,T,F,F,F,F,F,T,N
755,9,T,F,F,F,F,F,T,N
756,2,T,F,F,F,F,F,T,N
757,7,T,F,F,F,F,F,T,N
759,0,T,F,F,F,F,F,T,N
760,6,T,F,F,F,F,F,T,N
761,4,T,F,F,F,F,T,F,N
762,6,T,F,F,F,F,F,T,N
768,16,T,F,F,F,F,F,T,N
769,6,T,F,F,F,F,F,T,N
770,2,T,F,F,F,F,F,T,N
771,18,T,F,F,F,F,F,T,N
772,10,T,F,F,F,F,F,T,N
773,0,T,F,F,F,F,F,T,N
774,45,T,F,F,F,T,F,F,Y
776,27,T,F,F,F,F,T,F,N
777,10,T,F,F,F,F,F,T,N
778,7,T,F,F,F,F,F,T,N
779,0,T,F,F,F,F,F,T,N
782,1,T,F,F,F,F,F,T,N
783,1,T,F,F,F,F,F,T,N
786,11,T,F,F,F,T,F,F,Y
787,5,T,F,F,F,F,T,F,N
788,1,T,F,F,F,F,F,T,N
789,9,T,F,F,F,F,T,F,N
790,1,T,F,F,F,F,F,T,N
791,50,T,F,F,F,T,F,F,Y
792,8,T,F,F,F,F,T,F,N
793,8,T,F,F,F,T,F,F,Y
794,7,T,F,F,F,F,T,F,N
795,2,T,F,F,F,F,F,T,N
796,0,T,F,F,F,F,F,T,N
798,1,T,F,F,F,F,F,T,N
799,9,T,F,F,F,F,F,T,N
801,50,T,F,F,F,T,F,F,Y
802,5,T,F,F,F,F,T,F,N
803,11,T,F,F,F,F,T,F,N
804,8,T,F,F,F,F,F,T,N
805,0,T,F,F,F,F,F,T,N
806,8,T,F,F,F,F,F,T,N
809,1,T,F,F,F,F,F,T,N
812,74,T,F,F,F,F,F,T,N
813,29,T,F,F,F,F,F,T,N
816,17,T,F,F,F,T,F,F,Y
817,8,T,F,F,F,F,T,F,N
818,24,T,F,F,F,T,F,F,Y
819,21,T,F,F,F,T,F,F,Y
820,2,T,F,F,F,F,F,T,N
821,3,T,F,F,F,F,F,T,N
822,49,T,F,F,F,T,F,F,Y
823,1,T,F,F,F,F,F,T,N
824,4,T,F,F,F,F,F,T,N
825,4,T,F,F,F,F,F,T,N
826,2,T,F,F,F,F,F,T,N
827,17,T,F,F,F,F,F,T,N
835,7,T,F,F,F,F,T,F,N
837,23,T,F,F,F,F,T,F,N
838,10,T,F,F,F,F,T,F,N
839,12,T,F,F,F,T,F,F,Y
841,7,T,F,F,F,F,F,T,N
842,90,T,F,F,F,T,F,F,Y
844,1,T,F,F,F,F,F,T,N
845,4,T,F,F,F,F,T,F,N
846,0,T,F,F,F,F,T,F,N
847,1,T,F,F,F,T,F,F,Y
848,3,T,F,F,F,F,T,F,N
850,5,T,F,F,F,F,F,T,N
851,16,T,F,F,F,T,F,F,Y
853,238,T,F,F,F,T,F,F,Y
856,53,T,F,F,F,T,F,F,Y
857,2,T,F,F,F,F,T,F,N
858,20,T,F,F,F,T,F,F,Y
859,4,T,F,F,F,F,T,F,N
860,8,T,F,F,F,F,T,F,N
861,9,T,F,F,F,F,T,F,N
862,1,T,F,F,F,F,T,F,N
863,44,T,F,F,F,T,F,F,Y
864,0,T,F,F,F,F,F,T,N
865,10,T,F,F,F,F,T,F,N
866,9,T,F,F,F,F,T,F,N
867,15,T,F,F,F,F,T,F,N
868,1,T,F,F,F,F,F,T,N
869,0,T,F,F,F,F,F,T,N
871,0,T,F,F,F,F,F,T,N
872,0,T,F,F,F,F,F,T,N
873,0,T,F,F,F,F,F,T,N
875,20,T,F,F,F,T,F,F,Y
876,27,T,F,F,F,T,F,F,Y
877,2,T,F,F,F,F,T,F,N
878,1,T,F,F,F,F,T,F,N
879,1,T,F,F,F,F,F,T,N
880,13,T,F,F,F,F,T,F,N
882,1,T,F,F,F,F,F,T,N
883,0,T,F,F,F,F,F,T,N
884,0,T,F,F,F,F,F,T,N
885,1,T,F,F,F,F,F,T,N
887,0,T,F,F,F,F,F,T,N
888,0,T,F,F,F,F,F,T,N
892,2,T,F,F,F,F,F,T,N
894,11,T,F,F,F,F,T,F,N
895,15,T,F,F,F,T,F,F,Y
896,3,T,F,F,F,F,T,F,N
897,132,T,F,F,F,T,F,F,Y
898,21,T,F,F,F,F,T,F,N
899,42,T,F,F,F,F,T,F,N
900,24,T,F,F,F,T,F,F,Y
901,13,T,F,F,F,F,T,F,N
902,20,T,F,F,F,F,F,T,N
905,68,T,F,F,F,T,F,F,Y
906,11,T,F,F,F,F,T,F,N
907,13,T,F,F,F,F,T,F,N
908,58,T,F,F,F,F,F,T,N
909,8,T,F,F,F,F,F,T,N
910,24,T,F,F,F,T,F,F,Y
912,2,T,F,F,F,F,F,T,N
913,1,T,F,F,F,F,F,T,N
914,2,T,F,F,F,F,F,T,N
915,2,T,F,F,F,F,F,T,N
916,5,T,F,F,F,F,F,T,N
917,29,T,F,F,F,F,T,F,N
918,174,T,F,F,F,T,F,F,Y
919,1,T,F,F,F,F,F,T,N
920,59,T,F,F,F,T,F,F,Y
921,1,T,F,F,F,F,F,T,N
922,72,T,F,F,F,T,F,F,Y
923,38,T,F,F,F,T,F,F,Y
924,4,T,F,F,F,F,T,F,N
925,166,T,F,F,F,T,F,F,Y
926,45,T,F,F,F,T,F,F,Y
927,62,T,F,F,F,T,F,F,Y
928,0,T,F,F,F,F,T,F,N
929,11,T,F,F,F,T,F,F,Y
931,14,T,F,F,F,T,F,F,Y
932,6,T,F,F,F,F,T,F,N
933,15,T,F,F,F,T,F,F,Y
934,14,T,F,F,F,F,T,F,N
935,5,T,F,F,F,F,F,T,N
936,27,T,F,F,F,T,F,F,Y
937,14,T,F,F,F,F,T,F,N
938,15,T,F,F,F,F,F,T,N
939,2,T,F,F,F,F,T,F,N
940,86,T,F,F,F,T,F,F,Y
941,1,T,F,F,F,T,F,F,Y
942,15,T,F,F,F,T,F,F,Y
943,5,T,F,F,F,T,F,F,Y
944,8,T,F,F,F,T,F,F,Y
946,1,T,F,F,F,F,F,T,N
947,42,T,F,F,F,F,T,F,N
948,12,T,F,F,F,F,T,F,N
949,8,T,F,F,F,F,T,F,N
951,0,T,F,F,F,F,T,F,N
952,28,T,F,F,F,F,T,F,N
953,0,T,F,F,F,F,T,F,N
954,0,T,F,F,F,F,T,F,N
956,0,T,F,F,F,F,T,F,N
957,98,T,F,F,F,T,F,F,Y
958,43,T,F,F,F,T,F,F,Y
959,22,T,F,F,F,T,F,F,Y
961,11,T,F,F,F,T,F,F,Y
962,73,T,F,F,F,T,F,F,Y
963,34,T,F,F,F,T,F,F,Y
964,22,T,F,F,F,T,F,F,Y
966,8,T,F,F,F,T,F,F,Y
967,19,T,F,F,F,F,T,F,N
968,2,T,F,F,F,F,T,F,N
969,0,T,F,F,F,F,T,F,N
971,0,T,F,F,F,F,T,F,N
972,43,T,F,F,F,F,T,F,N
973,2,T,F,F,F,F,T,F,N
974,1,T,F,F,F,F,T,F,N
975,0,T,F,F,F,F,T,F,N
977,108,T,F,F,F,T,F,F,Y
978,55,T,F,F,F,T,F,F,Y
979,23,T,F,F,F,T,F,F,Y
981,4,T,F,F,F,T,F,F,Y
982,62,T,F,F,F,F,T,F,N
983,7,T,F,F,F,F,T,F,N
984,0,T,F,F,F,F,T,F,N
986,0,T,F,F,F,F,T,F,N
987,95,T,F,F,F,T,F,F,Y
988,25,T,F,F,F,T,F,F,Y
989,20,T,F,F,F,T,F,F,Y
991,6,T,F,F,F,T,F,F,Y
992,5,T,F,F,F,F,F,T,N
993,0,T,F,F,F,F,F,T,N
994,1,T,F,F,F,F,F,T,N
995,1,T,F,F,F,F,F,T,N
996,2,T,F,F,F,F,F,T,N
997,2,T,F,F,F,F,F,T,N
998,0,T,F,F,F,F,F,T,N
999,2,T,F,F,F,F,F,T,N
1001,8,T,F,F,F,F,F,T,N
1002,5,T,F,F,F,F,F,T,N
1003,2,T,F,F,F,F,F,T,N
1004,179,T,F,F,F,T,F,F,Y
1006,4,T,F,F,F,F,F,T,N
1007,3,T,F,F,F,T,F,F,Y
1008,0,T,F,F,F,F,T,F,N
1009,0,T,F,F,F,F,T,F,N
1010,3,T,F,F,F,T,F,F,Y
1011,4,T,F,F,F,T,F,F,Y
1012,0,T,F,F,F,F,T,F,N
1013,0,T,F,F,F,F,T,F,N
1014,2,T,F,F,F,T,F,F,Y
1015,0,T,F,F,F,F,T,F,N
1016,3,T,F,F,F,T,F,F,Y
1017,1,T,F,F,F,F,F,T,N
1018,1,T,F,F,F,F,F,T,N
1019,1,T,F,F,F,F,F,T,N
1020,1,T,F,F,F,F,F,T,N
1021,7,T,F,F,F,F,F,T,N
1022,27,T,F,F,F,F,F,T,N
1023,39,T,F,F,F,F,F,T,N
1024,5,T,F,F,F,F,F,T,N
1025,6,T,F,F,F,F,T,F,N
1026,38,T,F,F,F,T,F,F,Y
1027,29,T,F,F,F,F,T,F,N
1028,11,T,F,F,F,F,F,T,N
1029,2,T,F,F,F,F,T,F,N
1030,98,T,F,F,F,T,F,F,Y
1031,2,T,F,F,F,F,T,F,N
1032,4,T,F,F,F,F,T,F,N
1033,1,T,F,F,F,F,F,T,N
1034,29,T,F,F,F,T,F,F,Y
1035,3,T,F,F,F,F,F,T,N
1036,12,T,F,F,F,F,T,F,N
1037,11,T,F,F,F,F,T,F,N
1038,4,T,F,F,F,F,T,F,N
1039,60,T,F,F,F,T,F,F,Y
1040,39,T,F,F,F,T,F,F,Y
1041,91,T,F,F,F,T,F,F,Y
1042,19,T,F,F,F,T,F,F,Y
1043,16,T,F,F,F,F,T,F,N
1044,49,T,F,F,F,T,F,F,Y
1045,1,T,F,F,F,F,F,T,N
1047,10,T,F,F,F,F,T,F,N
1048,60,T,F,F,F,F,F,T,N
1049,6,T,F,F,F,F,F,T,N
1050,46,T,F,F,F,F,F,T,N
1051,20,T,F,F,F,F,T,F,N
1052,11,T,F,F,F,F,T,F,N
1053,24,T,F,F,F,F,F,T,N
1054,7,T,F,F,F,F,F,T,N
1055,7,T,F,F,F,F,F,T,N
1056,4,T,F,F,F,F,T,F,N
1057,4,T,F,F,F,F,F,T,N
1058,9,T,F,F,F,F,F,T,N
1059,5,T,F,F,F,F,F,T,N
1060,1,T,F,F,F,F,F,T,N
1061,3,T,F,F,F,F,T,F,N
1062,1,T,F,F,F,F,F,T,N
1063,10,T,F,F,F,F,F,T,N
1064,2,T,F,F,F,F,F,T,N
1065,3,T,F,F,F,F,F,T,N
1066,36,T,F,F,F,F,F,T,N
1067,0,T,F,F,F,F,F,T,N
1068,2,T,F,F,F,F,T,F,N
1069,12,T,F,F,F,F,T,F,N
1070,6,T,F,F,F,F,F,T,N
1071,5,T,F,F,F,F,F,T,N
1072,4,T,F,F,F,F,T,F,N
1073,5,T,F,F,F,F,F,T,N
1074,0,T,F,F,F,F,T,F,N
1075,4,T,F,F,F,F,T,F,N
1076,8,T,F,F,F,F,F,T,N
1077,9,T,F,F,F,F,F,T,N
1078,1,T,F,F,F,F,F,T,N
1079,1,T,F,F,F,F,F,T,N
1080,1,T,F,F,F,F,F,T,N
1081,1,T,F,F,F,F,F,T,N
1082,5,T,F,F,F,F,F,T,N
1083,207,T,F,F,F,F,F,T,N
1084,1,T,F,F,F,F,F,T,N
1085,0,T,F,F,F,F,T,F,N
1086,0,T,F,F,F,F,F,T,N
1087,0,T,F,F,F,F,T,F,N
1088,0,T,F,F,F,F,F,T,N
1089,0,T,F,F,F,F,T,F,N
1090,0,T,F,F,F,F,F,T,N
1091,0,T,F,F,F,F,F,T,N
1092,0,T,F,F,F,F,T,F,N
1093,0,T,F,F,F,F,F,T,N
1094,0,T,F,F,F,F,T,F,N
1095,0,T,F,F,F,F,F,T,N
1096,0,T,F,F,F,F,T,F,N
1097,0,T,F,F,F,F,F,T,N
1098,0,T,F,F,F,F,F,T,N
1099,0,T,F,F,F,F,F,T,N
1100,0,T,F,F,F,F,F,T,N
1101,0,T,F,F,F,F,T,F,N
1102,0,T,F,F,F,F,F,T,N
1103,0,T,F,F,F,F,F,T,N
1104,0,T,F,F,F,F,F,T,N
1105,0,T,F,F,F,F,F,T,N
1106,0,T,F,F,F,F,F,T,N
1107,0,T,F,F,F,F,F,T,N
1108,0,T,F,F,F,F,F,T,N
1109,0,T,F,F,F,F,T,F,N
1110,0,T,F,F,F,F,F,T,N
1111,0,T,F,F,F,F,T,F,N
1112,0,T,F,F,F,F,F,T,N
1113,0,T,F,F,F,F,T,F,N
1114,0,T,F,F,F,F,F,T,N
1115,0,T,F,F,F,F,T,F,N
1116,0,T,F,F,F,F,T,F,N
1117,0,T,F,F,F,F,F,T,N
1118,0,T,F,F,F,F,T,F,N
1119,0,T,F,F,F,F,T,F,N
1120,0,T,F,F,F,F,F,T,N
1121,0,T,F,F,F,F,F,T,N
1122,0,T,F,F,F,F,F,T,N
1123,0,T,F,F,F,F,F,T,N
1124,0,T,F,F,F,F,F,T,N
1125,0,T,F,F,F,F,F,T,N
1126,0,T,F,F,F,F,T,F,N
1127,0,T,F,F,F,F,F,T,N
1128,0,T,F,F,F,F,F,T,N
1129,0,T,F,F,F,F,T,F,N
1130,0,T,F,F,F,F,F,T,N
1131,0,T,F,F,F,F,T,F,N
1132,0,T,F,F,F,F,F,T,N
1133,0,T,F,F,F,F,F,T,N
1134,0,T,F,F,F,F,F,T,N
1135,0,T,F,F,F,F,F,T,N
1136,0,T,F,F,F,F,T,F,N
1137,0,T,F,F,F,F,F,T,N
1138,0,T,F,F,F,F,F,T,N
1139,0,T,F,F,F,F,T,F,N
1140,0,T,F,F,F,F,T,F,N
1141,0,T,F,F,F,F,F,T,N
1142,0,T,F,F,F,F,F,T,N
1143,0,T,F,F,F,F,F,T,N
1144,0,T,F,F,F,F,F,T,N
1145,0,T,F,F,F,F,F,T,N
1146,0,T,F,F,F,F,F,T,N
1147,0,T,F,F,F,F,F,T,N
1148,0,T,F,F,F,F,F,T,N
1149,0,T,F,F,F,F,F,T,N
1150,0,T,F,F,F,F,F,T,N
1151,0,T,F,F,F,F,F,T,N
1152,0,T,F,F,F,F,F,T,N
1153,0,T,F,F,F,F,F,T,N
1154,0,T,F,F,F,F,F,T,N
1155,0,T,F,F,F,F,T,F,N
1156,0,T,F,F,F,F,F,T,N
1157,0,T,F,F,F,F,F,T,N
1158,0,T,F,F,F,F,F,T,N
1159,0,T,F,F,F,F,T,F,N
1161,0,T,F,F,F,F,F,T,N
1162,0,T,F,F,F,F,F,T,N
1163,0,T,F,F,F,F,F,T,N
1164,0,T,F,F,F,F,F,T,N
1165,0,T,F,F,F,F,F,T,N
1166,0,T,F,F,F,F,F,T,N
1167,0,T,F,F,F,F,F,T,N
1168,0,T,F,F,F,F,F,T,N
1169,0,T,F,F,F,F,F,T,N
1170,0,T,F,F,F,F,F,T,N
1171,0,T,F,F,F,F,F,T,N
1172,0,T,F,F,F,F,F,T,N
1173,0,T,F,F,F,F,F,T,N
1174,0,T,F,F,F,F,F,T,N
1175,0,T,F,F,F,F,F,T,N
1176,0,T,F,F,F,F,F,T,N
1178,0,T,F,F,F,F,F,T,N
1180,0,T,F,F,F,F,T,F,N
1181,0,T,F,F,F,F,F,T,N
1182,0,T,F,F,F,F,F,T,N
1183,0,T,F,F,F,F,F,T,N
1184,0,T,F,F,F,F,F,T,N
1186,0,T,F,F,F,F,F,T,N
1187,0,T,F,F,F,F,F,T,N
1188,0,T,F,F,F,F,F,T,N
1189,0,T,F,F,F,F,F,T,N
1191,0,T,F,F,F,F,F,T,N
1195,0,T,F,F,F,F,F,T,N
1196,0,T,F,F,F,F,F,T,N
1197,0,T,F,F,F,F,F,T,N
1198,0,T,F,F,F,F,F,T,N
1199,0,T,F,F,F,F,F,T,N
1200,0,T,F,F,F,F,F,T,N
1201,0,T,F,F,F,F,F,T,N
1202,0,T,F,F,F,F,F,T,N
1203,0,T,F,F,F,F,F,T,N
1204,0,T,F,F,F,F,F,T,N
1205,0,T,F,F,F,F,F,T,N
1206,0,T,F,F,F,F,F,T,N
1208,0,T,F,F,F,F,F,T,N
1209,0,T,F,F,F,F,F,T,N
1210,0,T,F,F,F,F,F,T,N
1213,0,T,F,F,F,F,F,T,N
1214,0,T,F,F,F,F,F,T,N
1215,0,T,F,F,F,F,F,T,N
1216,0,T,F,F,F,F,F,T,N
1219,0,T,F,F,F,F,F,T,N
1220,0,T,F,F,F,F,F,T,N
1221,0,T,F,F,F,F,F,T,N
1223,0,T,F,F,F,F,F,T,N
1226,0,T,F,F,F,F,F,T,N
1228,0,T,F,F,F,F,F,T,N
1229,0,T,F,F,F,F,F,T,N
1230,0,T,F,F,F,F,F,T,N
1232,0,T,F,F,F,F,F,T,N
1233,0,T,F,F,F,F,F,T,N
1236,0,T,F,F,F,F,F,T,N
1237,0,T,F,F,F,F,F,T,N
1238,0,T,F,F,F,F,F,T,N
1239,0,T,F,F,F,F,F,T,N
1243,0,T,F,F,F,F,F,T,N
1245,0,T,F,F,F,F,F,T,N
1246,0,T,F,F,F,F,F,T,N
8,4,F,T,F,F,F,F,T,N
18,0,F,T,F,F,F,F,T,N
21,2,F,T,F,F,F,F,T,N
24,2,F,T,F,F,F,F,T,N
25,2,F,T,F,F,F,F,T,N
26,2,F,T,F,F,F,F,T,N
27,3,F,T,F,F,F,F,T,N
28,2,F,T,F,F,F,F,T,N
29,0,F,T,F,F,F,F,T,N
30,2,F,T,F,F,F,F,T,N
31,3,F,T,F,F,F,F,T,N
32,4,F,T,F,F,F,F,T,N
33,1,F,T,F,F,F,F,T,N
34,1,F,T,F,F,F,F,T,N
36,0,F,T,F,F,F,F,T,N
43,0,F,T,F,F,F,T,F,Y
44,0,F,T,F,F,T,F,F,N
45,0,F,T,F,F,T,F,F,N
46,0,F,T,F,F,F,T,F,Y
47,0,F,T,F,F,F,T,F,Y
48,0,F,T,F,F,T,F,F,N
49,0,F,T,F,F,F,F,T,N
50,0,F,T,F,F,F,F,T,N
56,1,F,T,F,F,F,F,T,N
57,8,F,T,F,F,F,F,T,N
58,0,F,T,F,F,F,F,T,N
59,0,F,T,F,F,F,F,T,N
60,0,F,T,F,F,F,F,T,N
63,0,F,T,F,F,F,F,T,N
64,4,F,T,F,F,F,F,T,N
65,0,F,T,F,F,F,F,T,N
66,0,F,T,F,F,F,F,T,N
68,0,F,T,F,F,F,F,T,N
69,0,F,T,F,F,F,F,T,N
70,1,F,T,F,F,F,F,T,N
71,2,F,T,F,F,F,F,T,N
76,32,F,T,F,F,T,F,F,N
84,49,F,T,F,F,F,T,F,Y
102,85,F,T,F,F,F,T,F,Y
103,24,F,T,F,F,T,F,F,N
105,30,F,T,F,F,F,F,T,N
107,0,F,T,F,F,F,F,T,N
123,12,F,T,F,F,T,F,F,N
124,1,F,T,F,F,F,F,T,N
125,4,F,T,F,F,F,F,T,N
128,23,F,T,F,F,T,F,F,N
129,6,F,T,F,F,T,F,F,N
130,22,F,T,F,F,F,T,F,Y
132,10,F,T,F,F,F,F,T,N
133,19,F,T,F,F,F,F,T,N
134,1,F,T,F,F,F,F,T,N
135,0,F,T,F,F,F,F,T,N
136,6,F,T,F,F,F,F,T,N
137,2,F,T,F,F,F,F,T,N
138,15,F,T,F,F,T,F,F,N
139,23,F,T,F,F,F,T,F,Y
140,10,F,T,F,F,T,F,F,N
141,1,F,T,F,F,F,F,T,N
144,4,F,T,F,F,T,F,F,N
145,70,F,T,F,F,F,T,F,Y
146,15,F,T,F,F,F,F,T,N
147,4,F,T,F,F,F,F,T,N
148,1,F,T,F,F,F,F,T,N
151,2,F,T,F,F,F,F,T,N
152,1,F,T,F,F,F,F,T,N
154,32,F,T,F,F,T,F,F,N
156,2,F,T,F,F,F,F,T,N
158,19,F,T,F,F,T,F,F,N
161,0,F,T,F,F,F,F,T,N
162,0,F,T,F,F,F,F,T,N
167,0,F,T,F,F,F,F,T,N
170,1,F,T,F,F,F,F,T,N
171,6,F,T,F,F,F,F,T,N
172,45,F,T,F,F,F,T,F,Y
173,10,F,T,F,F,T,F,F,N
175,0,F,T,F,F,T,F,F,N
176,2,F,T,F,F,F,F,T,N
177,0,F,T,F,F,F,F,T,N
178,2,F,T,F,F,F,F,T,N
179,14,F,T,F,F,T,F,F,N
180,0,F,T,F,F,F,F,T,N
181,9,F,T,F,F,F,F,T,N
182,4,F,T,F,F,F,F,T,N
183,36,F,T,F,F,F,T,F,Y
184,5,F,T,F,F,T,F,F,N
188,50,F,T,F,F,F,T,F,Y
189,33,F,T,F,F,F,T,F,Y
190,47,F,T,F,F,F,T,F,Y
191,11,F,T,F,F,T,F,F,N
192,27,F,T,F,F,F,T,F,Y
193,17,F,T,F,F,T,F,F,N
194,49,F,T,F,F,F,T,F,Y
195,15,F,T,F,F,T,F,F,N
197,14,F,T,F,F,T,F,F,N
198,1,F,T,F,F,F,F,T,N
199,35,F,T,F,F,F,T,F,Y
200,0,F,T,F,F,F,F,T,N
201,22,F,T,F,F,T,F,F,N
204,25,F,T,F,F,T,F,F,N
205,17,F,T,F,F,F,T,F,Y
207,0,F,T,F,F,F,T,F,Y
208,14,F,T,F,F,T,F,F,N
209,59,F,T,F,F,F,T,F,Y
212,25,F,T,F,F,F,T,F,Y
213,59,F,T,F,F,F,T,F,Y
214,1,F,T,F,F,F,F,T,N
215,1,F,T,F,F,F,F,T,N
216,12,F,T,F,F,T,F,F,N
217,26,F,T,F,F,F,T,F,Y
220,30,F,T,F,F,F,T,F,Y
224,28,F,T,F,F,T,F,F,N
225,0,F,T,F,F,F,F,T,N
226,1,F,T,F,F,F,F,T,N
227,1,F,T,F,F,F,F,T,N
228,8,F,T,F,F,F,F,T,N
229,27,F,T,F,F,T,F,F,N
230,8,F,T,F,F,T,F,F,N
231,6,F,T,F,F,F,F,T,N
253,5,F,T,F,F,T,F,F,N
254,2,F,T,F,F,F,T,F,Y
257,8,F,T,F,F,F,T,F,Y
287,1,F,T,F,F,F,F,T,N
290,1,F,T,F,F,F,F,T,N
291,1,F,T,F,F,F,F,T,N
292,1,F,T,F,F,F,F,T,N
293,1,F,T,F,F,F,F,T,N
294,1,F,T,F,F,F,F,T,N
295,1,F,T,F,F,F,F,T,N
296,1,F,T,F,F,F,F,T,N
297,2,F,T,F,F,F,F,T,N
298,1,F,T,F,F,F,F,T,N
299,1,F,T,F,F,F,F,T,N
300,1,F,T,F,F,F,F,T,N
301,1,F,T,F,F,F,F,T,N
302,0,F,T,F,F,F,F,T,N
307,16,F,T,F,F,F,T,F,Y
309,17,F,T,F,F,T,F,F,N
310,0,F,T,F,F,F,F,T,N
311,0,F,T,F,F,F,F,T,N
312,0,F,T,F,F,F,F,T,N
313,4,F,T,F,F,F,F,T,N
314,8,F,T,F,F,T,F,F,N
315,0,F,T,F,F,F,F,T,N
316,6,F,T,F,F,T,F,F,N
317,3,F,T,F,F,F,F,T,N
318,4,F,T,F,F,F,F,T,N
320,15,F,T,F,F,F,F,T,N
321,61,F,T,F,F,T,F,F,N
322,2,F,T,F,F,F,F,T,N
326,17,F,T,F,F,T,F,F,N
327,1,F,T,F,F,F,F,T,N
328,23,F,T,F,F,T,F,F,N
330,0,F,T,F,F,F,F,T,N
332,1,F,T,F,F,F,F,T,N
333,8,F,T,F,F,T,F,F,N
334,23,F,T,F,F,F,T,F,Y
336,0,F,T,F,F,F,F,T,N
337,4,F,T,F,F,F,T,F,Y
338,18,F,T,F,F,T,F,F,N
341,38,F,T,F,F,F,T,F,Y
342,16,F,T,F,F,F,T,F,Y
343,70,F,T,F,F,F,T,F,Y
345,9,F,T,F,F,T,F,F,N
346,0,F,T,F,F,F,F,T,N
347,13,F,T,F,F,T,F,F,N
349,1,F,T,F,F,F,T,F,Y
350,0,F,T,F,F,F,F,T,N
351,0,F,T,F,F,F,F,T,N
352,30,F,T,F,F,F,T,F,Y
353,1,F,T,F,F,F,F,T,N
355,14,F,T,F,F,T,F,F,N
357,15,F,T,F,F,T,F,F,N
358,11,F,T,F,F,T,F,F,N
359,65,F,T,F,F,F,T,F,Y
360,102,F,T,F,F,F,T,F,Y
361,0,F,T,F,F,F,T,F,Y
362,0,F,T,F,F,F,F,T,N
363,1,F,T,F,F,F,F,T,N
369,8,F,T,F,F,T,F,F,N
370,4,F,T,F,F,F,T,F,Y
372,2,F,T,F,F,F,T,F,Y
374,0,F,T,F,F,T,F,F,N
375,54,F,T,F,F,F,T,F,Y
376,14,F,T,F,F,T,F,F,N
377,35,F,T,F,F,T,F,F,N
379,4,F,T,F,F,F,F,T,N
382,98,F,T,F,F,F,T,F,Y
384,20,F,T,F,F,T,F,F,N
386,20,F,T,F,F,T,F,F,N
387,0,F,T,F,F,F,F,T,N
393,19,F,T,F,F,F,T,F,Y
399,42,F,T,F,F,F,T,F,Y
400,2,F,T,F,F,F,F,T,N
402,4,F,T,F,F,F,F,T,N
403,33,F,T,F,F,T,F,F,N
404,44,F,T,F,F,F,T,F,Y
405,8,F,T,F,F,F,T,F,Y
406,1,F,T,F,F,F,F,T,N
409,1,F,T,F,F,F,F,T,N
410,1,F,T,F,F,F,T,F,Y
411,0,F,T,F,F,F,F,T,N
413,11,F,T,F,F,F,T,F,Y
414,2,F,T,F,F,F,F,T,N
416,8,F,T,F,F,T,F,F,N
417,27,F,T,F,F,F,T,F,Y
418,17,F,T,F,F,T,F,F,N
419,18,F,T,F,F,T,F,F,N
420,48,F,T,F,F,T,F,F,N
421,1,F,T,F,F,F,F,T,N
422,25,F,T,F,F,F,T,F,Y
424,0,F,T,F,F,F,F,T,N
425,16,F,T,F,F,T,F,F,N
426,21,F,T,F,F,F,T,F,Y
427,6,F,T,F,F,F,F,T,N
428,10,F,T,F,F,T,F,F,N
431,0,F,T,F,F,F,F,T,N
435,0,F,T,F,F,F,F,T,N
436,0,F,T,F,F,F,F,T,N
437,0,F,T,F,F,F,F,T,N
438,12,F,T,F,F,T,F,F,N
439,1,F,T,F,F,F,F,T,N
440,1,F,T,F,F,F,F,T,N
441,0,F,T,F,F,F,F,T,N
442,2,F,T,F,F,F,F,T,N
443,0,F,T,F,F,F,F,T,N
445,33,F,T,F,F,F,T,F,Y
446,4,F,T,F,F,F,F,T,N
447,23,F,T,F,F,T,F,F,N
448,11,F,T,F,F,T,F,F,N
449,0,F,T,F,F,F,F,T,N
450,1,F,T,F,F,F,F,T,N
451,10,F,T,F,F,T,F,F,N
452,24,F,T,F,F,T,F,F,N
453,1,F,T,F,F,F,F,T,N
454,34,F,T,F,F,T,F,F,N
455,0,F,T,F,F,F,F,T,N
456,0,F,T,F,F,F,F,T,N
459,57,F,T,F,F,F,T,F,Y
465,0,F,T,F,F,F,T,F,Y
466,45,F,T,F,F,F,T,F,Y
467,24,F,T,F,F,T,F,F,N
468,11,F,T,F,F,T,F,F,N
469,50,F,T,F,F,F,T,F,Y
483,2,F,T,F,F,F,F,T,N
484,10,F,T,F,F,F,F,T,N
508,1,F,T,F,F,F,F,T,N
511,0,F,T,F,F,F,T,F,Y
529,27,F,T,F,F,T,F,F,N
531,2,F,T,F,F,F,F,T,N
532,0,F,T,F,F,F,F,T,N
533,15,F,T,F,F,F,T,F,Y
534,0,F,T,F,F,F,F,T,N
535,0,F,T,F,F,F,F,T,N
540,0,F,T,F,F,F,F,T,N
541,0,F,T,F,F,F,F,T,N
547,2,F,T,F,F,F,F,T,N
548,0,F,T,F,F,F,F,T,N
549,1,F,T,F,F,F,F,T,N
551,20,F,T,F,F,F,T,F,Y
552,100,F,T,F,F,F,T,F,Y
553,10,F,T,F,F,T,F,F,N
554,25,F,T,F,F,F,T,F,Y
555,5,F,T,F,F,F,F,T,N
556,30,F,T,F,F,F,F,T,N
557,0,F,T,F,F,F,F,T,N
558,0,F,T,F,F,F,F,T,N
559,8,F,T,F,F,F,T,F,Y
560,13,F,T,F,F,F,T,F,Y
561,3,F,T,F,F,T,F,F,N
562,8,F,T,F,F,F,T,F,Y
565,17,F,T,F,F,T,F,F,N
566,30,F,T,F,F,F,T,F,Y
568,0,F,T,F,F,F,F,T,N
577,0,F,T,F,F,F,F,T,N
579,1,F,T,F,F,F,F,T,N
580,20,F,T,F,F,F,T,F,Y
581,2,F,T,F,F,T,F,F,N
582,32,F,T,F,F,F,T,F,Y
583,21,F,T,F,F,T,F,F,N
584,36,F,T,F,F,F,T,F,Y
586,4,F,T,F,F,F,F,T,N
587,22,F,T,F,F,F,T,F,Y
588,16,F,T,F,F,T,F,F,N
607,14,F,T,F,F,T,F,F,N
608,0,F,T,F,F,F,F,T,N
609,8,F,T,F,F,T,F,F,N
616,20,F,T,F,F,F,T,F,Y
620,79,F,T,F,F,T,F,F,N
622,22,F,T,F,F,T,F,F,N
623,18,F,T,F,F,F,T,F,Y
624,28,F,T,F,F,F,T,F,Y
625,17,F,T,F,F,T,F,F,N
628,47,F,T,F,F,F,T,F,Y
629,8,F,T,F,F,F,F,T,N
631,4,F,T,F,F,F,F,T,N
632,27,F,T,F,F,F,T,F,Y
633,13,F,T,F,F,T,F,F,N
634,0,F,T,F,F,F,F,T,N
635,8,F,T,F,F,T,F,F,N
636,2,F,T,F,F,F,F,T,N
637,19,F,T,F,F,F,F,T,N
638,4,F,T,F,F,F,F,T,N
639,0,F,T,F,F,F,F,T,N
640,0,F,T,F,F,F,T,F,Y
644,2,F,T,F,F,T,F,F,N
646,2,F,T,F,F,F,F,T,N
647,13,F,T,F,F,T,F,F,N
649,0,F,T,F,F,F,T,F,Y
650,1,F,T,F,F,F,F,T,N
651,1,F,T,F,F,F,F,T,N
653,13,F,T,F,F,F,F,T,N
654,12,F,T,F,F,T,F,F,N
656,31,F,T,F,F,F,T,F,Y
657,1,F,T,F,F,F,F,T,N
659,0,F,T,F,F,F,T,F,Y
663,2,F,T,F,F,T,F,F,N
664,8,F,T,F,F,F,T,F,Y
665,3,F,T,F,F,T,F,F,N
666,31,F,T,F,F,F,T,F,Y
668,1,F,T,F,F,F,F,T,N
670,10,F,T,F,F,T,F,F,N
673,0,F,T,F,F,F,T,F,Y
675,3,F,T,F,F,F,F,T,N
678,0,F,T,F,F,F,F,T,N
679,10,F,T,F,F,T,F,F,N
680,0,F,T,F,F,F,F,T,N
681,3,F,T,F,F,F,T,F,Y
682,6,F,T,F,F,F,F,T,N
683,0,F,T,F,F,F,F,T,N
684,26,F,T,F,F,T,F,F,N
686,0,F,T,F,F,F,F,T,N
688,0,F,T,F,F,F,F,T,N
689,1,F,T,F,F,F,F,T,N
690,0,F,T,F,F,F,F,T,N
691,0,F,T,F,F,F,F,T,N
692,0,F,T,F,F,F,F,T,N
693,10,F,T,F,F,T,F,F,N
694,6,F,T,F,F,F,F,T,N
696,8,F,T,F,F,F,F,T,N
697,26,F,T,F,F,F,F,T,N
701,0,F,T,F,F,F,F,T,N
702,23,F,T,F,F,T,F,F,N
703,17,F,T,F,F,F,T,F,Y
704,24,F,T,F,F,T,F,F,N
705,45,F,T,F,F,F,T,F,Y
706,15,F,T,F,F,T,F,F,N
708,17,F,T,F,F,F,T,F,Y
709,5,F,T,F,F,F,F,T,N
710,9,F,T,F,F,T,F,F,N
711,0,F,T,F,F,F,F,T,N
712,0,F,T,F,F,F,F,T,N
714,1,F,T,F,F,F,F,T,N
715,3,F,T,F,F,T,F,F,N
717,36,F,T,F,F,F,T,F,Y
718,43,F,T,F,F,F,T,F,Y
719,13,F,T,F,F,T,F,F,N
720,35,F,T,F,F,T,F,F,N
721,9,F,T,F,F,F,F,T,N
722,1,F,T,F,F,F,F,T,N
723,9,F,T,F,F,F,T,F,Y
724,10,F,T,F,F,T,F,F,N
725,2,F,T,F,F,F,F,T,N
726,17,F,T,F,F,T,F,F,N
727,10,F,T,F,F,F,T,F,Y
729,11,F,T,F,F,F,F,T,N
731,6,F,T,F,F,F,F,T,N
732,20,F,T,F,F,F,T,F,Y
733,35,F,T,F,F,F,T,F,Y
734,4,F,T,F,F,F,F,T,N
736,0,F,T,F,F,F,F,T,N
740,0,F,T,F,F,F,F,T,N
741,19,F,T,F,F,T,F,F,N
742,7,F,T,F,F,F,F,T,N
743,0,F,T,F,F,F,F,T,N
744,0,F,T,F,F,F,F,T,N
745,2,F,T,F,F,T,F,F,N
746,0,F,T,F,F,F,F,T,N
748,20,F,T,F,F,F,F,T,N
749,0,F,T,F,F,F,F,T,N
753,1,F,T,F,F,F,F,T,N
755,2,F,T,F,F,F,F,T,N
756,0,F,T,F,F,F,F,T,N
757,0,F,T,F,F,F,F,T,N
759,2,F,T,F,F,F,F,T,N
760,0,F,T,F,F,F,F,T,N
761,10,F,T,F,F,F,T,F,Y
762,0,F,T,F,F,F,F,T,N
768,0,F,T,F,F,F,F,T,N
769,3,F,T,F,F,F,F,T,N
770,0,F,T,F,F,F,F,T,N
771,22,F,T,F,F,F,F,T,N
772,11,F,T,F,F,F,F,T,N
773,1,F,T,F,F,F,F,T,N
774,10,F,T,F,F,T,F,F,N
776,28,F,T,F,F,F,T,F,Y
777,5,F,T,F,F,F,F,T,N
778,1,F,T,F,F,F,F,T,N
779,0,F,T,F,F,F,F,T,N
782,0,F,T,F,F,F,F,T,N
783,0,F,T,F,F,F,F,T,N
786,7,F,T,F,F,T,F,F,N
787,11,F,T,F,F,F,T,F,Y
788,1,F,T,F,F,F,F,T,N
789,0,F,T,F,F,F,T,F,Y
790,0,F,T,F,F,F,F,T,N
791,11,F,T,F,F,T,F,F,N
792,9,F,T,F,F,F,T,F,Y
793,2,F,T,F,F,T,F,F,N
794,6,F,T,F,F,F,T,F,Y
795,3,F,T,F,F,F,F,T,N
796,1,F,T,F,F,F,F,T,N
798,1,F,T,F,F,F,F,T,N
799,0,F,T,F,F,F,F,T,N
801,21,F,T,F,F,T,F,F,N
802,23,F,T,F,F,F,T,F,Y
803,28,F,T,F,F,F,T,F,Y
804,7,F,T,F,F,F,F,T,N
805,1,F,T,F,F,F,F,T,N
806,0,F,T,F,F,F,F,T,N
809,0,F,T,F,F,F,F,T,N
812,14,F,T,F,F,F,F,T,N
813,12,F,T,F,F,F,F,T,N
816,7,F,T,F,F,T,F,F,N
817,2,F,T,F,F,F,T,F,Y
818,18,F,T,F,F,T,F,F,N
819,23,F,T,F,F,T,F,F,N
820,3,F,T,F,F,F,F,T,N
821,3,F,T,F,F,F,F,T,N
822,8,F,T,F,F,T,F,F,N
823,0,F,T,F,F,F,F,T,N
824,1,F,T,F,F,F,F,T,N
825,1,F,T,F,F,F,F,T,N
826,0,F,T,F,F,F,F,T,N
827,2,F,T,F,F,F,F,T,N
835,0,F,T,F,F,F,T,F,Y
837,47,F,T,F,F,F,T,F,Y
838,52,F,T,F,F,F,T,F,Y
839,14,F,T,F,F,T,F,F,N
841,1,F,T,F,F,F,F,T,N
842,36,F,T,F,F,T,F,F,N
844,2,F,T,F,F,F,F,T,N
845,3,F,T,F,F,F,T,F,Y
846,5,F,T,F,F,F,T,F,Y
847,1,F,T,F,F,T,F,F,N
848,4,F,T,F,F,F,T,F,Y
850,0,F,T,F,F,F,F,T,N
851,5,F,T,F,F,T,F,F,N
853,0,F,T,F,F,T,F,F,N
856,8,F,T,F,F,T,F,F,N
857,18,F,T,F,F,F,T,F,Y
858,7,F,T,F,F,T,F,F,N
859,8,F,T,F,F,F,T,F,Y
860,6,F,T,F,F,F,T,F,Y
861,36,F,T,F,F,F,T,F,Y
862,6,F,T,F,F,F,T,F,Y
863,16,F,T,F,F,T,F,F,N
864,7,F,T,F,F,F,F,T,N
865,32,F,T,F,F,F,T,F,Y
866,6,F,T,F,F,F,T,F,Y
867,54,F,T,F,F,F,T,F,Y
868,1,F,T,F,F,F,F,T,N
869,0,F,T,F,F,F,F,T,N
871,0,F,T,F,F,F,F,T,N
872,2,F,T,F,F,F,F,T,N
873,1,F,T,F,F,F,F,T,N
875,5,F,T,F,F,T,F,F,N
876,7,F,T,F,F,T,F,F,N
877,9,F,T,F,F,F,T,F,Y
878,10,F,T,F,F,F,T,F,Y
879,2,F,T,F,F,F,F,T,N
880,96,F,T,F,F,F,T,F,Y
882,0,F,T,F,F,F,F,T,N
883,1,F,T,F,F,F,F,T,N
884,0,F,T,F,F,F,F,T,N
885,0,F,T,F,F,F,F,T,N
887,0,F,T,F,F,F,F,T,N
888,0,F,T,F,F,F,F,T,N
892,0,F,T,F,F,F,F,T,N
894,0,F,T,F,F,F,T,F,Y
895,17,F,T,F,F,T,F,F,N
896,3,F,T,F,F,F,T,F,Y
897,0,F,T,F,F,T,F,F,N
898,0,F,T,F,F,F,T,F,Y
899,0,F,T,F,F,F,T,F,Y
900,11,F,T,F,F,T,F,F,N
901,19,F,T,F,F,F,T,F,Y
902,1,F,T,F,F,F,F,T,N
905,11,F,T,F,F,T,F,F,N
906,108,F,T,F,F,F,T,F,Y
907,93,F,T,F,F,F,T,F,Y
908,0,F,T,F,F,F,F,T,N
909,4,F,T,F,F,F,F,T,N
910,8,F,T,F,F,T,F,F,N
912,2,F,T,F,F,F,F,T,N
913,1,F,T,F,F,F,F,T,N
914,5,F,T,F,F,F,F,T,N
915,0,F,T,F,F,F,F,T,N
916,3,F,T,F,F,F,F,T,N
917,105,F,T,F,F,F,T,F,Y
918,67,F,T,F,F,T,F,F,N
919,0,F,T,F,F,F,F,T,N
920,1,F,T,F,F,T,F,F,N
921,0,F,T,F,F,F,F,T,N
922,0,F,T,F,F,T,F,F,N
923,0,F,T,F,F,T,F,F,N
924,25,F,T,F,F,F,T,F,Y
925,5,F,T,F,F,T,F,F,N
926,1,F,T,F,F,T,F,F,N
927,9,F,T,F,F,T,F,F,N
928,12,F,T,F,F,F,T,F,Y
929,2,F,T,F,F,T,F,F,N
931,4,F,T,F,F,T,F,F,N
932,6,F,T,F,F,F,T,F,Y
933,3,F,T,F,F,T,F,F,N
934,12,F,T,F,F,F,T,F,Y
935,0,F,T,F,F,F,F,T,N
936,19,F,T,F,F,T,F,F,N
937,65,F,T,F,F,F,T,F,Y
938,0,F,T,F,F,F,F,T,N
939,0,F,T,F,F,F,T,F,Y
940,31,F,T,F,F,T,F,F,N
941,0,F,T,F,F,T,F,F,N
942,1,F,T,F,F,T,F,F,N
943,4,F,T,F,F,T,F,F,N
944,1,F,T,F,F,T,F,F,N
946,0,F,T,F,F,F,F,T,N
947,34,F,T,F,F,F,T,F,Y
948,61,F,T,F,F,F,T,F,Y
949,22,F,T,F,F,F,T,F,Y
951,6,F,T,F,F,F,T,F,Y
952,40,F,T,F,F,F,T,F,Y
953,25,F,T,F,F,F,T,F,Y
954,16,F,T,F,F,F,T,F,Y
956,7,F,T,F,F,F,T,F,Y
957,9,F,T,F,F,T,F,F,N
958,7,F,T,F,F,T,F,F,N
959,1,F,T,F,F,T,F,F,N
961,6,F,T,F,F,T,F,F,N
962,8,F,T,F,F,T,F,F,N
963,3,F,T,F,F,T,F,F,N
964,1,F,T,F,F,T,F,F,N
966,5,F,T,F,F,T,F,F,N
967,12,F,T,F,F,F,T,F,Y
968,39,F,T,F,F,F,T,F,Y
969,8,F,T,F,F,F,T,F,Y
971,33,F,T,F,F,F,T,F,Y
972,23,F,T,F,F,F,T,F,Y
973,46,F,T,F,F,F,T,F,Y
974,18,F,T,F,F,F,T,F,Y
975,15,F,T,F,F,F,T,F,Y
977,32,F,T,F,F,T,F,F,N
978,7,F,T,F,F,T,F,F,N
979,1,F,T,F,F,T,F,F,N
981,1,F,T,F,F,T,F,F,N
982,104,F,T,F,F,F,T,F,Y
983,32,F,T,F,F,F,T,F,Y
984,3,F,T,F,F,F,T,F,Y
986,2,F,T,F,F,F,T,F,Y
987,31,F,T,F,F,T,F,F,N
988,6,F,T,F,F,T,F,F,N
989,1,F,T,F,F,T,F,F,N
991,2,F,T,F,F,T,F,F,N
992,1,F,T,F,F,F,F,T,N
993,3,F,T,F,F,F,F,T,N
994,57,F,T,F,F,F,F,T,N
995,2,F,T,F,F,F,F,T,N
996,4,F,T,F,F,F,F,T,N
997,0,F,T,F,F,F,F,T,N
998,1,F,T,F,F,F,F,T,N
999,0,F,T,F,F,F,F,T,N
1001,1,F,T,F,F,F,F,T,N
1002,1,F,T,F,F,F,F,T,N
1003,2,F,T,F,F,F,F,T,N
1004,15,F,T,F,F,T,F,F,N
1006,2,F,T,F,F,F,F,T,N
1007,0,F,T,F,F,T,F,F,N
1008,6,F,T,F,F,F,T,F,Y
1009,4,F,T,F,F,F,T,F,Y
1010,1,F,T,F,F,T,F,F,N
1011,1,F,T,F,F,T,F,F,N
1012,5,F,T,F,F,F,T,F,Y
1013,2,F,T,F,F,F,T,F,Y
1014,2,F,T,F,F,T,F,F,N
1015,1,F,T,F,F,F,T,F,Y
1016,1,F,T,F,F,T,F,F,N
1017,2,F,T,F,F,F,F,T,N
1018,0,F,T,F,F,F,F,T,N
1019,5,F,T,F,F,F,F,T,N
1020,1,F,T,F,F,F,F,T,N
1021,0,F,T,F,F,F,F,T,N
1022,19,F,T,F,F,F,F,T,N
1023,13,F,T,F,F,F,F,T,N
1024,0,F,T,F,F,F,F,T,N
1025,27,F,T,F,F,F,T,F,Y
1026,16,F,T,F,F,T,F,F,N
1027,57,F,T,F,F,F,T,F,Y
1028,0,F,T,F,F,F,F,T,N
1029,12,F,T,F,F,F,T,F,Y
1030,28,F,T,F,F,T,F,F,N
1031,13,F,T,F,F,F,T,F,Y
1032,15,F,T,F,F,F,T,F,Y
1033,0,F,T,F,F,F,F,T,N
1034,18,F,T,F,F,T,F,F,N
1035,1,F,T,F,F,F,F,T,N
1036,69,F,T,F,F,F,T,F,Y
1037,40,F,T,F,F,F,T,F,Y
1038,73,F,T,F,F,F,T,F,Y
1039,15,F,T,F,F,T,F,F,N
1040,21,F,T,F,F,T,F,F,N
1041,21,F,T,F,F,T,F,F,N
1042,3,F,T,F,F,T,F,F,N
1043,78,F,T,F,F,F,T,F,Y
1044,12,F,T,F,F,T,F,F,N
1045,2,F,T,F,F,F,F,T,N
1047,2,F,T,F,F,F,T,F,Y
1048,26,F,T,F,F,F,F,T,N
1049,0,F,T,F,F,F,F,T,N
1050,24,F,T,F,F,F,F,T,N
1051,7,F,T,F,F,F,T,F,Y
1052,21,F,T,F,F,F,T,F,Y
1053,7,F,T,F,F,F,F,T,N
1054,0,F,T,F,F,F,F,T,N
1055,3,F,T,F,F,F,F,T,N
1056,1,F,T,F,F,F,T,F,Y
1057,4,F,T,F,F,F,F,T,N
1058,8,F,T,F,F,F,F,T,N
1059,4,F,T,F,F,F,F,T,N
1060,1,F,T,F,F,F,F,T,N
1061,0,F,T,F,F,F,T,F,Y
1062,0,F,T,F,F,F,F,T,N
1063,14,F,T,F,F,F,F,T,N
1064,11,F,T,F,F,F,F,T,N
1065,1,F,T,F,F,F,F,T,N
1066,6,F,T,F,F,F,F,T,N
1067,13,F,T,F,F,F,F,T,N
1068,2,F,T,F,F,F,T,F,Y
1069,11,F,T,F,F,F,T,F,Y
1070,2,F,T,F,F,F,F,T,N
1071,1,F,T,F,F,F,F,T,N
1072,2,F,T,F,F,F,T,F,Y
1073,3,F,T,F,F,F,F,T,N
1074,2,F,T,F,F,F,T,F,Y
1075,1,F,T,F,F,F,T,F,Y
1076,0,F,T,F,F,F,F,T,N
1077,2,F,T,F,F,F,F,T,N
1078,0,F,T,F,F,F,F,T,N
1079,0,F,T,F,F,F,F,T,N
1080,0,F,T,F,F,F,F,T,N
1081,0,F,T,F,F,F,F,T,N
1082,1,F,T,F,F,F,F,T,N
1083,33,F,T,F,F,F,F,T,N
1084,2,F,T,F,F,F,F,T,N
1085,5,F,T,F,F,F,T,F,Y
1086,0,F,T,F,F,F,F,T,N
1087,5,F,T,F,F,F,T,F,Y
1088,3,F,T,F,F,F,F,T,N
1089,5,F,T,F,F,F,T,F,Y
1090,2,F,T,F,F,F,F,T,N
1091,15,F,T,F,F,F,F,T,N
1092,0,F,T,F,F,F,T,F,Y
1093,1,F,T,F,F,F,F,T,N
1094,2,F,T,F,F,F,T,F,Y
1095,2,F,T,F,F,F,F,T,N
1096,4,F,T,F,F,F,T,F,Y
1097,3,F,T,F,F,F,F,T,N
1098,2,F,T,F,F,F,F,T,N
1099,0,F,T,F,F,F,F,T,N
1100,1,F,T,F,F,F,F,T,N
1101,7,F,T,F,F,F,T,F,Y
1102,1,F,T,F,F,F,F,T,N
1103,1,F,T,F,F,F,F,T,N
1104,1,F,T,F,F,F,F,T,N
1105,1,F,T,F,F,F,F,T,N
1106,2,F,T,F,F,F,F,T,N
1107,11,F,T,F,F,F,F,T,N
1108,2,F,T,F,F,F,F,T,N
1109,1,F,T,F,F,F,T,F,Y
1110,2,F,T,F,F,F,F,T,N
1111,2,F,T,F,F,F,T,F,Y
1112,2,F,T,F,F,F,F,T,N
1113,1,F,T,F,F,F,T,F,Y
1114,8,F,T,F,F,F,F,T,N
1115,2,F,T,F,F,F,T,F,Y
1116,2,F,T,F,F,F,T,F,Y
1117,1,F,T,F,F,F,F,T,N
1118,3,F,T,F,F,F,T,F,Y
1119,3,F,T,F,F,F,T,F,Y
1120,10,F,T,F,F,F,F,T,N
1121,39,F,T,F,F,F,F,T,N
1122,17,F,T,F,F,F,F,T,N
1123,2,F,T,F,F,F,F,T,N
1124,0,F,T,F,F,F,F,T,N
1125,0,F,T,F,F,F,F,T,N
1126,0,F,T,F,F,F,T,F,Y
1127,0,F,T,F,F,F,F,T,N
1128,0,F,T,F,F,F,F,T,N
1129,0,F,T,F,F,F,T,F,Y
1130,0,F,T,F,F,F,F,T,N
1131,0,F,T,F,F,F,T,F,Y
1132,0,F,T,F,F,F,F,T,N
1133,0,F,T,F,F,F,F,T,N
1134,0,F,T,F,F,F,F,T,N
1135,0,F,T,F,F,F,F,T,N
1136,0,F,T,F,F,F,T,F,Y
1137,0,F,T,F,F,F,F,T,N
1138,0,F,T,F,F,F,F,T,N
1139,0,F,T,F,F,F,T,F,Y
1140,0,F,T,F,F,F,T,F,Y
1141,0,F,T,F,F,F,F,T,N
1142,0,F,T,F,F,F,F,T,N
1143,0,F,T,F,F,F,F,T,N
1144,0,F,T,F,F,F,F,T,N
1145,0,F,T,F,F,F,F,T,N
1146,0,F,T,F,F,F,F,T,N
1147,0,F,T,F,F,F,F,T,N
1148,0,F,T,F,F,F,F,T,N
1149,0,F,T,F,F,F,F,T,N
1150,0,F,T,F,F,F,F,T,N
1151,0,F,T,F,F,F,F,T,N
1152,0,F,T,F,F,F,F,T,N
1153,0,F,T,F,F,F,F,T,N
1154,0,F,T,F,F,F,F,T,N
1155,0,F,T,F,F,F,T,F,Y
1156,0,F,T,F,F,F,F,T,N
1157,0,F,T,F,F,F,F,T,N
1158,0,F,T,F,F,F,F,T,N
1159,0,F,T,F,F,F,T,F,Y
1161,0,F,T,F,F,F,F,T,N
1162,0,F,T,F,F,F,F,T,N
1163,0,F,T,F,F,F,F,T,N
1164,0,F,T,F,F,F,F,T,N
1165,0,F,T,F,F,F,F,T,N
1166,0,F,T,F,F,F,F,T,N
1167,0,F,T,F,F,F,F,T,N
1168,0,F,T,F,F,F,F,T,N
1169,0,F,T,F,F,F,F,T,N
1170,0,F,T,F,F,F,F,T,N
1171,0,F,T,F,F,F,F,T,N
1172,0,F,T,F,F,F,F,T,N
1173,0,F,T,F,F,F,F,T,N
1174,0,F,T,F,F,F,F,T,N
1175,0,F,T,F,F,F,F,T,N
1176,0,F,T,F,F,F,F,T,N
1178,0,F,T,F,F,F,F,T,N
1180,0,F,T,F,F,F,T,F,Y
1181,0,F,T,F,F,F,F,T,N
1182,0,F,T,F,F,F,F,T,N
1183,0,F,T,F,F,F,F,T,N
1184,0,F,T,F,F,F,F,T,N
1186,0,F,T,F,F,F,F,T,N
1187,0,F,T,F,F,F,F,T,N
1188,0,F,T,F,F,F,F,T,N
1189,0,F,T,F,F,F,F,T,N
1191,0,F,T,F,F,F,F,T,N
1195,0,F,T,F,F,F,F,T,N
1196,0,F,T,F,F,F,F,T,N
1197,0,F,T,F,F,F,F,T,N
1198,0,F,T,F,F,F,F,T,N
1199,0,F,T,F,F,F,F,T,N
1200,0,F,T,F,F,F,F,T,N
1201,0,F,T,F,F,F,F,T,N
1202,0,F,T,F,F,F,F,T,N
1203,0,F,T,F,F,F,F,T,N
1204,0,F,T,F,F,F,F,T,N
1205,0,F,T,F,F,F,F,T,N
1206,0,F,T,F,F,F,F,T,N
1208,0,F,T,F,F,F,F,T,N
1209,0,F,T,F,F,F,F,T,N
1210,0,F,T,F,F,F,F,T,N
1213,0,F,T,F,F,F,F,T,N
1214,0,F,T,F,F,F,F,T,N
1215,0,F,T,F,F,F,F,T,N
1216,0,F,T,F,F,F,F,T,N
1219,0,F,T,F,F,F,F,T,N
1220,0,F,T,F,F,F,F,T,N
1221,0,F,T,F,F,F,F,T,N
1223,0,F,T,F,F,F,F,T,N
1226,0,F,T,F,F,F,F,T,N
1228,0,F,T,F,F,F,F,T,N
1229,0,F,T,F,F,F,F,T,N
1230,0,F,T,F,F,F,F,T,N
1232,0,F,T,F,F,F,F,T,N
1233,0,F,T,F,F,F,F,T,N
1236,0,F,T,F,F,F,F,T,N
1237,0,F,T,F,F,F,F,T,N
1238,0,F,T,F,F,F,F,T,N
1239,0,F,T,F,F,F,F,T,N
1243,0,F,T,F,F,F,F,T,N
1245,0,F,T,F,F,F,F,T,N
1246,0,F,T,F,F,F,F,T,N
8,3,F,F,T,F,F,F,T,N
18,1,F,F,T,F,F,F,T,N
21,3,F,F,T,F,F,F,T,N
24,1,F,F,T,F,F,F,T,N
25,1,F,F,T,F,F,F,T,N
26,4,F,F,T,F,F,F,T,N
27,0,F,F,T,F,F,F,T,N
28,1,F,F,T,F,F,F,T,N
29,0,F,F,T,F,F,F,T,N
30,3,F,F,T,F,F,F,T,N
31,2,F,F,T,F,F,F,T,N
32,0,F,F,T,F,F,F,T,N
33,1,F,F,T,F,F,F,T,N
34,1,F,F,T,F,F,F,T,N
36,1,F,F,T,F,F,F,T,N
43,0,F,F,T,F,F,T,F,N
44,0,F,F,T,F,T,F,F,Y
45,0,F,F,T,F,T,F,F,Y
46,0,F,F,T,F,F,T,F,N
47,0,F,F,T,F,F,T,F,N
48,0,F,F,T,F,T,F,F,Y
49,4,F,F,T,F,F,F,T,N
50,3,F,F,T,F,F,F,T,N
56,0,F,F,T,F,F,F,T,N
57,0,F,F,T,F,F,F,T,N
58,1,F,F,T,F,F,F,T,N
59,1,F,F,T,F,F,F,T,N
60,1,F,F,T,F,F,F,T,N
63,0,F,F,T,F,F,F,T,N
64,3,F,F,T,F,F,F,T,N
65,2,F,F,T,F,F,F,T,N
66,1,F,F,T,F,F,F,T,N
68,1,F,F,T,F,F,F,T,N
69,0,F,F,T,F,F,F,T,N
70,0,F,F,T,F,F,F,T,N
71,0,F,F,T,F,F,F,T,N
76,0,F,F,T,F,T,F,F,Y
84,0,F,F,T,F,F,T,F,N
102,0,F,F,T,F,F,T,F,N
103,0,F,F,T,F,T,F,F,Y
105,16,F,F,T,F,F,F,T,N
107,0,F,F,T,F,F,F,T,N
123,14,F,F,T,F,T,F,F,Y
124,0,F,F,T,F,F,F,T,N
125,0,F,F,T,F,F,F,T,N
128,0,F,F,T,F,T,F,F,Y
129,0,F,F,T,F,T,F,F,Y
130,1,F,F,T,F,F,T,F,N
132,2,F,F,T,F,F,F,T,N
133,7,F,F,T,F,F,F,T,N
134,0,F,F,T,F,F,F,T,N
135,1,F,F,T,F,F,F,T,N
136,1,F,F,T,F,F,F,T,N
137,2,F,F,T,F,F,F,T,N
138,0,F,F,T,F,T,F,F,Y
139,0,F,F,T,F,F,T,F,N
140,18,F,F,T,F,T,F,F,Y
141,3,F,F,T,F,F,F,T,N
144,0,F,F,T,F,T,F,F,Y
145,0,F,F,T,F,F,T,F,N
146,12,F,F,T,F,F,F,T,N
147,0,F,F,T,F,F,F,T,N
148,0,F,F,T,F,F,F,T,N
151,8,F,F,T,F,F,F,T,N
152,0,F,F,T,F,F,F,T,N
154,0,F,F,T,F,T,F,F,Y
156,2,F,F,T,F,F,F,T,N
158,22,F,F,T,F,T,F,F,Y
161,2,F,F,T,F,F,F,T,N
162,0,F,F,T,F,F,F,T,N
167,0,F,F,T,F,F,F,T,N
170,1,F,F,T,F,F,F,T,N
171,2,F,F,T,F,F,F,T,N
172,0,F,F,T,F,F,T,F,N
173,0,F,F,T,F,T,F,F,Y
175,0,F,F,T,F,T,F,F,Y
176,2,F,F,T,F,F,F,T,N
177,0,F,F,T,F,F,F,T,N
178,2,F,F,T,F,F,F,T,N
179,0,F,F,T,F,T,F,F,Y
180,0,F,F,T,F,F,F,T,N
181,8,F,F,T,F,F,F,T,N
182,7,F,F,T,F,F,F,T,N
183,0,F,F,T,F,F,T,F,N
184,14,F,F,T,F,T,F,F,Y
188,1,F,F,T,F,F,T,F,N
189,0,F,F,T,F,F,T,F,N
190,0,F,F,T,F,F,T,F,N
191,0,F,F,T,F,T,F,F,Y
192,0,F,F,T,F,F,T,F,N
193,0,F,F,T,F,T,F,F,Y
194,0,F,F,T,F,F,T,F,N
195,0,F,F,T,F,T,F,F,Y
197,1,F,F,T,F,T,F,F,Y
198,1,F,F,T,F,F,F,T,N
199,1,F,F,T,F,F,T,F,N
200,1,F,F,T,F,F,F,T,N
201,5,F,F,T,F,T,F,F,Y
204,0,F,F,T,F,T,F,F,Y
205,0,F,F,T,F,F,T,F,N
207,0,F,F,T,F,F,T,F,N
208,44,F,F,T,F,T,F,F,Y
209,6,F,F,T,F,F,T,F,N
212,1,F,F,T,F,F,T,F,N
213,0,F,F,T,F,F,T,F,N
214,0,F,F,T,F,F,F,T,N
215,0,F,F,T,F,F,F,T,N
216,28,F,F,T,F,T,F,F,Y
217,4,F,F,T,F,F,T,F,N
220,0,F,F,T,F,F,T,F,N
224,0,F,F,T,F,T,F,F,Y
225,0,F,F,T,F,F,F,T,N
226,0,F,F,T,F,F,F,T,N
227,0,F,F,T,F,F,F,T,N
228,0,F,F,T,F,F,F,T,N
229,0,F,F,T,F,T,F,F,Y
230,44,F,F,T,F,T,F,F,Y
231,0,F,F,T,F,F,F,T,N
253,49,F,F,T,F,T,F,F,Y
254,1,F,F,T,F,F,T,F,N
257,1,F,F,T,F,F,T,F,N
287,0,F,F,T,F,F,F,T,N
290,0,F,F,T,F,F,F,T,N
291,0,F,F,T,F,F,F,T,N
292,0,F,F,T,F,F,F,T,N
293,0,F,F,T,F,F,F,T,N
294,0,F,F,T,F,F,F,T,N
295,0,F,F,T,F,F,F,T,N
296,0,F,F,T,F,F,F,T,N
297,0,F,F,T,F,F,F,T,N
298,0,F,F,T,F,F,F,T,N
299,0,F,F,T,F,F,F,T,N
300,0,F,F,T,F,F,F,T,N
301,0,F,F,T,F,F,F,T,N
302,3,F,F,T,F,F,F,T,N
307,3,F,F,T,F,F,T,F,N
309,36,F,F,T,F,T,F,F,Y
310,0,F,F,T,F,F,F,T,N
311,0,F,F,T,F,F,F,T,N
312,2,F,F,T,F,F,F,T,N
313,6,F,F,T,F,F,F,T,N
314,14,F,F,T,F,T,F,F,Y
315,0,F,F,T,F,F,F,T,N
316,26,F,F,T,F,T,F,F,Y
317,0,F,F,T,F,F,F,T,N
318,6,F,F,T,F,F,F,T,N
320,14,F,F,T,F,F,F,T,N
321,0,F,F,T,F,T,F,F,Y
322,4,F,F,T,F,F,F,T,N
326,0,F,F,T,F,T,F,F,Y
327,14,F,F,T,F,F,F,T,N
328,4,F,F,T,F,T,F,F,Y
330,3,F,F,T,F,F,F,T,N
332,2,F,F,T,F,F,F,T,N
333,13,F,F,T,F,T,F,F,Y
334,3,F,F,T,F,F,T,F,N
336,1,F,F,T,F,F,F,T,N
337,6,F,F,T,F,F,T,F,N
338,44,F,F,T,F,T,F,F,Y
341,11,F,F,T,F,F,T,F,N
342,3,F,F,T,F,F,T,F,N
343,1,F,F,T,F,F,T,F,N
345,0,F,F,T,F,T,F,F,Y
346,0,F,F,T,F,F,F,T,N
347,0,F,F,T,F,T,F,F,Y
349,0,F,F,T,F,F,T,F,N
350,0,F,F,T,F,F,F,T,N
351,0,F,F,T,F,F,F,T,N
352,0,F,F,T,F,F,T,F,N
353,0,F,F,T,F,F,F,T,N
355,1,F,F,T,F,T,F,F,Y
357,0,F,F,T,F,T,F,F,Y
358,1,F,F,T,F,T,F,F,Y
359,2,F,F,T,F,F,T,F,N
360,3,F,F,T,F,F,T,F,N
361,0,F,F,T,F,F,T,F,N
362,0,F,F,T,F,F,F,T,N
363,2,F,F,T,F,F,F,T,N
369,54,F,F,T,F,T,F,F,Y
370,2,F,F,T,F,F,T,F,N
372,0,F,F,T,F,F,T,F,N
374,0,F,F,T,F,T,F,F,Y
375,45,F,F,T,F,F,T,F,N
376,1,F,F,T,F,T,F,F,Y
377,45,F,F,T,F,T,F,F,Y
379,3,F,F,T,F,F,F,T,N
382,31,F,F,T,F,F,T,F,N
384,0,F,F,T,F,T,F,F,Y
386,0,F,F,T,F,T,F,F,Y
387,1,F,F,T,F,F,F,T,N
393,0,F,F,T,F,F,T,F,N
399,1,F,F,T,F,F,T,F,N
400,0,F,F,T,F,F,F,T,N
402,7,F,F,T,F,F,F,T,N
403,26,F,F,T,F,T,F,F,Y
404,0,F,F,T,F,F,T,F,N
405,0,F,F,T,F,F,T,F,N
406,3,F,F,T,F,F,F,T,N
409,0,F,F,T,F,F,F,T,N
410,0,F,F,T,F,F,T,F,N
411,2,F,F,T,F,F,F,T,N
413,3,F,F,T,F,F,T,F,N
414,6,F,F,T,F,F,F,T,N
416,0,F,F,T,F,T,F,F,Y
417,0,F,F,T,F,F,T,F,N
418,0,F,F,T,F,T,F,F,Y
419,0,F,F,T,F,T,F,F,Y
420,50,F,F,T,F,T,F,F,Y
421,6,F,F,T,F,F,F,T,N
422,1,F,F,T,F,F,T,F,N
424,2,F,F,T,F,F,F,T,N
425,0,F,F,T,F,T,F,F,Y
426,0,F,F,T,F,F,T,F,N
427,2,F,F,T,F,F,F,T,N
428,0,F,F,T,F,T,F,F,Y
431,0,F,F,T,F,F,F,T,N
435,0,F,F,T,F,F,F,T,N
436,0,F,F,T,F,F,F,T,N
437,0,F,F,T,F,F,F,T,N
438,4,F,F,T,F,T,F,F,Y
439,2,F,F,T,F,F,F,T,N
440,0,F,F,T,F,F,F,T,N
441,0,F,F,T,F,F,F,T,N
442,1,F,F,T,F,F,F,T,N
443,1,F,F,T,F,F,F,T,N
445,2,F,F,T,F,F,T,F,N
446,12,F,F,T,F,F,F,T,N
447,294,F,F,T,F,T,F,F,Y
448,9,F,F,T,F,T,F,F,Y
449,0,F,F,T,F,F,F,T,N
450,2,F,F,T,F,F,F,T,N
451,0,F,F,T,F,T,F,F,Y
452,189,F,F,T,F,T,F,F,Y
453,0,F,F,T,F,F,F,T,N
454,200,F,F,T,F,T,F,F,Y
455,3,F,F,T,F,F,F,T,N
456,1,F,F,T,F,F,F,T,N
459,0,F,F,T,F,F,T,F,N
465,0,F,F,T,F,F,T,F,N
466,0,F,F,T,F,F,T,F,N
467,0,F,F,T,F,T,F,F,Y
468,0,F,F,T,F,T,F,F,Y
469,0,F,F,T,F,F,T,F,N
483,0,F,F,T,F,F,F,T,N
484,10,F,F,T,F,F,F,T,N
508,0,F,F,T,F,F,F,T,N
511,0,F,F,T,F,F,T,F,N
529,5,F,F,T,F,T,F,F,Y
531,2,F,F,T,F,F,F,T,N
532,1,F,F,T,F,F,F,T,N
533,2,F,F,T,F,F,T,F,N
534,0,F,F,T,F,F,F,T,N
535,6,F,F,T,F,F,F,T,N
540,0,F,F,T,F,F,F,T,N
541,0,F,F,T,F,F,F,T,N
547,1,F,F,T,F,F,F,T,N
548,3,F,F,T,F,F,F,T,N
549,1,F,F,T,F,F,F,T,N
551,1,F,F,T,F,F,T,F,N
552,24,F,F,T,F,F,T,F,N
553,36,F,F,T,F,T,F,F,Y
554,0,F,F,T,F,F,T,F,N
555,1,F,F,T,F,F,F,T,N
556,20,F,F,T,F,F,F,T,N
557,2,F,F,T,F,F,F,T,N
558,0,F,F,T,F,F,F,T,N
559,1,F,F,T,F,F,T,F,N
560,1,F,F,T,F,F,T,F,N
561,6,F,F,T,F,T,F,F,Y
562,2,F,F,T,F,F,T,F,N
565,49,F,F,T,F,T,F,F,Y
566,41,F,F,T,F,F,T,F,N
568,0,F,F,T,F,F,F,T,N
577,0,F,F,T,F,F,F,T,N
579,4,F,F,T,F,F,F,T,N
580,0,F,F,T,F,F,T,F,N
581,7,F,F,T,F,T,F,F,Y
582,5,F,F,T,F,F,T,F,N
583,0,F,F,T,F,T,F,F,Y
584,14,F,F,T,F,F,T,F,N
586,4,F,F,T,F,F,F,T,N
587,5,F,F,T,F,F,T,F,N
588,1,F,F,T,F,T,F,F,Y
607,1,F,F,T,F,T,F,F,Y
608,1,F,F,T,F,F,F,T,N
609,22,F,F,T,F,T,F,F,Y
616,5,F,F,T,F,F,T,F,N
620,82,F,F,T,F,T,F,F,Y
622,80,F,F,T,F,T,F,F,Y
623,4,F,F,T,F,F,T,F,N
624,1,F,F,T,F,F,T,F,N
625,0,F,F,T,F,T,F,F,Y
628,0,F,F,T,F,F,T,F,N
629,3,F,F,T,F,F,F,T,N
631,5,F,F,T,F,F,F,T,N
632,0,F,F,T,F,F,T,F,N
633,35,F,F,T,F,T,F,F,Y
634,0,F,F,T,F,F,F,T,N
635,0,F,F,T,F,T,F,F,Y
636,1,F,F,T,F,F,F,T,N
637,9,F,F,T,F,F,F,T,N
638,3,F,F,T,F,F,F,T,N
639,4,F,F,T,F,F,F,T,N
640,0,F,F,T,F,F,T,F,N
644,8,F,F,T,F,T,F,F,Y
646,1,F,F,T,F,F,F,T,N
647,27,F,F,T,F,T,F,F,Y
649,0,F,F,T,F,F,T,F,N
650,0,F,F,T,F,F,F,T,N
651,0,F,F,T,F,F,F,T,N
653,3,F,F,T,F,F,F,T,N
654,6,F,F,T,F,T,F,F,Y
656,0,F,F,T,F,F,T,F,N
657,3,F,F,T,F,F,F,T,N
659,0,F,F,T,F,F,T,F,N
663,6,F,F,T,F,T,F,F,Y
664,0,F,F,T,F,F,T,F,N
665,14,F,F,T,F,T,F,F,Y
666,9,F,F,T,F,F,T,F,N
668,16,F,F,T,F,F,F,T,N
670,0,F,F,T,F,T,F,F,Y
673,0,F,F,T,F,F,T,F,N
675,0,F,F,T,F,F,F,T,N
678,2,F,F,T,F,F,F,T,N
679,0,F,F,T,F,T,F,F,Y
680,1,F,F,T,F,F,F,T,N
681,1,F,F,T,F,F,T,F,N
682,2,F,F,T,F,F,F,T,N
683,4,F,F,T,F,F,F,T,N
684,54,F,F,T,F,T,F,F,Y
686,0,F,F,T,F,F,F,T,N
688,0,F,F,T,F,F,F,T,N
689,1,F,F,T,F,F,F,T,N
690,0,F,F,T,F,F,F,T,N
691,0,F,F,T,F,F,F,T,N
692,0,F,F,T,F,F,F,T,N
693,0,F,F,T,F,T,F,F,Y
694,0,F,F,T,F,F,F,T,N
696,1,F,F,T,F,F,F,T,N
697,14,F,F,T,F,F,F,T,N
701,0,F,F,T,F,F,F,T,N
702,0,F,F,T,F,T,F,F,Y
703,3,F,F,T,F,F,T,F,N
704,0,F,F,T,F,T,F,F,Y
705,0,F,F,T,F,F,T,F,N
706,78,F,F,T,F,T,F,F,Y
708,3,F,F,T,F,F,T,F,N
709,2,F,F,T,F,F,F,T,N
710,0,F,F,T,F,T,F,F,Y
711,1,F,F,T,F,F,F,T,N
712,3,F,F,T,F,F,F,T,N
714,1,F,F,T,F,F,F,T,N
715,0,F,F,T,F,T,F,F,Y
717,7,F,F,T,F,F,T,F,N
718,1,F,F,T,F,F,T,F,N
719,1,F,F,T,F,T,F,F,Y
720,34,F,F,T,F,T,F,F,Y
721,10,F,F,T,F,F,F,T,N
722,1,F,F,T,F,F,F,T,N
723,1,F,F,T,F,F,T,F,N
724,53,F,F,T,F,T,F,F,Y
725,3,F,F,T,F,F,F,T,N
726,27,F,F,T,F,T,F,F,Y
727,1,F,F,T,F,F,T,F,N
729,3,F,F,T,F,F,F,T,N
731,7,F,F,T,F,F,F,T,N
732,5,F,F,T,F,F,T,F,N
733,0,F,F,T,F,F,T,F,N
734,1,F,F,T,F,F,F,T,N
736,1,F,F,T,F,F,F,T,N
740,2,F,F,T,F,F,F,T,N
741,44,F,F,T,F,T,F,F,Y
742,2,F,F,T,F,F,F,T,N
743,0,F,F,T,F,F,F,T,N
744,1,F,F,T,F,F,F,T,N
745,7,F,F,T,F,T,F,F,Y
746,1,F,F,T,F,F,F,T,N
748,17,F,F,T,F,F,F,T,N
749,3,F,F,T,F,F,F,T,N
753,0,F,F,T,F,F,F,T,N
755,1,F,F,T,F,F,F,T,N
756,1,F,F,T,F,F,F,T,N
757,2,F,F,T,F,F,F,T,N
759,1,F,F,T,F,F,F,T,N
760,1,F,F,T,F,F,F,T,N
761,1,F,F,T,F,F,T,F,N
762,1,F,F,T,F,F,F,T,N
768,1,F,F,T,F,F,F,T,N
769,5,F,F,T,F,F,F,T,N
770,1,F,F,T,F,F,F,T,N
771,8,F,F,T,F,F,F,T,N
772,6,F,F,T,F,F,F,T,N
773,0,F,F,T,F,F,F,T,N
774,27,F,F,T,F,T,F,F,Y
776,16,F,F,T,F,F,T,F,N
777,9,F,F,T,F,F,F,T,N
778,0,F,F,T,F,F,F,T,N
779,1,F,F,T,F,F,F,T,N
782,0,F,F,T,F,F,F,T,N
783,0,F,F,T,F,F,F,T,N
786,0,F,F,T,F,T,F,F,Y
787,1,F,F,T,F,F,T,F,N
788,0,F,F,T,F,F,F,T,N
789,0,F,F,T,F,F,T,F,N
790,0,F,F,T,F,F,F,T,N
791,0,F,F,T,F,T,F,F,Y
792,8,F,F,T,F,F,T,F,N
793,12,F,F,T,F,T,F,F,Y
794,2,F,F,T,F,F,T,F,N
795,1,F,F,T,F,F,F,T,N
796,0,F,F,T,F,F,F,T,N
798,0,F,F,T,F,F,F,T,N
799,3,F,F,T,F,F,F,T,N
801,0,F,F,T,F,T,F,F,Y
802,4,F,F,T,F,F,T,F,N
803,2,F,F,T,F,F,T,F,N
804,5,F,F,T,F,F,F,T,N
805,1,F,F,T,F,F,F,T,N
806,1,F,F,T,F,F,F,T,N
809,0,F,F,T,F,F,F,T,N
812,1,F,F,T,F,F,F,T,N
813,0,F,F,T,F,F,F,T,N
816,13,F,F,T,F,T,F,F,Y
817,0,F,F,T,F,F,T,F,N
818,122,F,F,T,F,T,F,F,Y
819,52,F,F,T,F,T,F,F,Y
820,0,F,F,T,F,F,F,T,N
821,0,F,F,T,F,F,F,T,N
822,7,F,F,T,F,T,F,F,Y
823,0,F,F,T,F,F,F,T,N
824,1,F,F,T,F,F,F,T,N
825,1,F,F,T,F,F,F,T,N
826,1,F,F,T,F,F,F,T,N
827,1,F,F,T,F,F,F,T,N
835,0,F,F,T,F,F,T,F,N
837,7,F,F,T,F,F,T,F,N
838,5,F,F,T,F,F,T,F,N
839,42,F,F,T,F,T,F,F,Y
841,0,F,F,T,F,F,F,T,N
842,39,F,F,T,F,T,F,F,Y
844,3,F,F,T,F,F,F,T,N
845,3,F,F,T,F,F,T,F,N
846,0,F,F,T,F,F,T,F,N
847,2,F,F,T,F,T,F,F,Y
848,0,F,F,T,F,F,T,F,N
850,1,F,F,T,F,F,F,T,N
851,14,F,F,T,F,T,F,F,Y
853,0,F,F,T,F,T,F,F,Y
856,0,F,F,T,F,T,F,F,Y
857,4,F,F,T,F,F,T,F,N
858,15,F,F,T,F,T,F,F,Y
859,5,F,F,T,F,F,T,F,N
860,0,F,F,T,F,F,T,F,N
861,5,F,F,T,F,F,T,F,N
862,2,F,F,T,F,F,T,F,N
863,35,F,F,T,F,T,F,F,Y
864,76,F,F,T,F,F,F,T,N
865,8,F,F,T,F,F,T,F,N
866,9,F,F,T,F,F,T,F,N
867,0,F,F,T,F,F,T,F,N
868,5,F,F,T,F,F,F,T,N
869,1,F,F,T,F,F,F,T,N
871,2,F,F,T,F,F,F,T,N
872,0,F,F,T,F,F,F,T,N
873,0,F,F,T,F,F,F,T,N
875,41,F,F,T,F,T,F,F,Y
876,17,F,F,T,F,T,F,F,Y
877,3,F,F,T,F,F,T,F,N
878,4,F,F,T,F,F,T,F,N
879,2,F,F,T,F,F,F,T,N
880,12,F,F,T,F,F,T,F,N
882,0,F,F,T,F,F,F,T,N
883,0,F,F,T,F,F,F,T,N
884,1,F,F,T,F,F,F,T,N
885,0,F,F,T,F,F,F,T,N
887,0,F,F,T,F,F,F,T,N
888,7,F,F,T,F,F,F,T,N
892,0,F,F,T,F,F,F,T,N
894,0,F,F,T,F,F,T,F,N
895,12,F,F,T,F,T,F,F,Y
896,1,F,F,T,F,F,T,F,N
897,0,F,F,T,F,T,F,F,Y
898,0,F,F,T,F,F,T,F,N
899,0,F,F,T,F,F,T,F,N
900,89,F,F,T,F,T,F,F,Y
901,3,F,F,T,F,F,T,F,N
902,11,F,F,T,F,F,F,T,N
905,42,F,F,T,F,T,F,F,Y
906,12,F,F,T,F,F,T,F,N
907,11,F,F,T,F,F,T,F,N
908,0,F,F,T,F,F,F,T,N
909,9,F,F,T,F,F,F,T,N
910,54,F,F,T,F,T,F,F,Y
912,1,F,F,T,F,F,F,T,N
913,0,F,F,T,F,F,F,T,N
914,1,F,F,T,F,F,F,T,N
915,0,F,F,T,F,F,F,T,N
916,1,F,F,T,F,F,F,T,N
917,18,F,F,T,F,F,T,F,N
918,63,F,F,T,F,T,F,F,Y
919,44,F,F,T,F,F,F,T,N
920,0,F,F,T,F,T,F,F,Y
921,1,F,F,T,F,F,F,T,N
922,0,F,F,T,F,T,F,F,Y
923,0,F,F,T,F,T,F,F,Y
924,8,F,F,T,F,F,T,F,N
925,0,F,F,T,F,T,F,F,Y
926,40,F,F,T,F,T,F,F,Y
927,56,F,F,T,F,T,F,F,Y
928,3,F,F,T,F,F,T,F,N
929,16,F,F,T,F,T,F,F,Y
931,4,F,F,T,F,T,F,F,Y
932,1,F,F,T,F,F,T,F,N
933,18,F,F,T,F,T,F,F,Y
934,1,F,F,T,F,F,T,F,N
935,0,F,F,T,F,F,F,T,N
936,16,F,F,T,F,T,F,F,Y
937,0,F,F,T,F,F,T,F,N
938,0,F,F,T,F,F,F,T,N
939,0,F,F,T,F,F,T,F,N
940,82,F,F,T,F,T,F,F,Y
941,0,F,F,T,F,T,F,F,Y
942,42,F,F,T,F,T,F,F,Y
943,83,F,F,T,F,T,F,F,Y
944,9,F,F,T,F,T,F,F,Y
946,0,F,F,T,F,F,F,T,N
947,1,F,F,T,F,F,T,F,N
948,29,F,F,T,F,F,T,F,N
949,11,F,F,T,F,F,T,F,N
951,18,F,F,T,F,F,T,F,N
952,7,F,F,T,F,F,T,F,N
953,37,F,F,T,F,F,T,F,N
954,16,F,F,T,F,F,T,F,N
956,4,F,F,T,F,F,T,F,N
957,3,F,F,T,F,T,F,F,Y
958,25,F,F,T,F,T,F,F,Y
959,54,F,F,T,F,T,F,F,Y
961,16,F,F,T,F,T,F,F,Y
962,4,F,F,T,F,T,F,F,Y
963,23,F,F,T,F,T,F,F,Y
964,54,F,F,T,F,T,F,F,Y
966,13,F,F,T,F,T,F,F,Y
967,0,F,F,T,F,F,T,F,N
968,23,F,F,T,F,F,T,F,N
969,4,F,F,T,F,F,T,F,N
971,3,F,F,T,F,F,T,F,N
972,0,F,F,T,F,F,T,F,N
973,34,F,F,T,F,F,T,F,N
974,3,F,F,T,F,F,T,F,N
975,9,F,F,T,F,F,T,F,N
977,11,F,F,T,F,T,F,F,Y
978,39,F,F,T,F,T,F,F,Y
979,51,F,F,T,F,T,F,F,Y
981,2,F,F,T,F,T,F,F,Y
982,12,F,F,T,F,F,T,F,N
983,34,F,F,T,F,F,T,F,N
984,15,F,F,T,F,F,T,F,N
986,12,F,F,T,F,F,T,F,N
987,141,F,F,T,F,T,F,F,Y
988,82,F,F,T,F,T,F,F,Y
989,23,F,F,T,F,T,F,F,Y
991,17,F,F,T,F,T,F,F,Y
992,1,F,F,T,F,F,F,T,N
993,1,F,F,T,F,F,F,T,N
994,24,F,F,T,F,F,F,T,N
995,1,F,F,T,F,F,F,T,N
996,3,F,F,T,F,F,F,T,N
997,1,F,F,T,F,F,F,T,N
998,0,F,F,T,F,F,F,T,N
999,0,F,F,T,F,F,F,T,N
1001,0,F,F,T,F,F,F,T,N
1002,4,F,F,T,F,F,F,T,N
1003,0,F,F,T,F,F,F,T,N
1004,74,F,F,T,F,T,F,F,Y
1006,12,F,F,T,F,F,F,T,N
1007,8,F,F,T,F,T,F,F,Y
1008,4,F,F,T,F,F,T,F,N
1009,5,F,F,T,F,F,T,F,N
1010,9,F,F,T,F,T,F,F,Y
1011,5,F,F,T,F,T,F,F,Y
1012,4,F,F,T,F,F,T,F,N
1013,7,F,F,T,F,F,T,F,N
1014,4,F,F,T,F,T,F,F,Y
1015,4,F,F,T,F,F,T,F,N
1016,6,F,F,T,F,T,F,F,Y
1017,0,F,F,T,F,F,F,T,N
1018,0,F,F,T,F,F,F,T,N
1019,0,F,F,T,F,F,F,T,N
1020,1,F,F,T,F,F,F,T,N
1021,0,F,F,T,F,F,F,T,N
1022,0,F,F,T,F,F,F,T,N
1023,0,F,F,T,F,F,F,T,N
1024,1,F,F,T,F,F,F,T,N
1025,11,F,F,T,F,F,T,F,N
1026,10,F,F,T,F,T,F,F,Y
1027,0,F,F,T,F,F,T,F,N
1028,0,F,F,T,F,F,F,T,N
1029,2,F,F,T,F,F,T,F,N
1030,0,F,F,T,F,T,F,F,Y
1031,2,F,F,T,F,F,T,F,N
1032,12,F,F,T,F,F,T,F,N
1033,0,F,F,T,F,F,F,T,N
1034,43,F,F,T,F,T,F,F,Y
1035,3,F,F,T,F,F,F,T,N
1036,3,F,F,T,F,F,T,F,N
1037,27,F,F,T,F,F,T,F,N
1038,7,F,F,T,F,F,T,F,N
1039,50,F,F,T,F,T,F,F,Y
1040,70,F,F,T,F,T,F,F,Y
1041,0,F,F,T,F,T,F,F,Y
1042,1,F,F,T,F,T,F,F,Y
1043,8,F,F,T,F,F,T,F,N
1044,15,F,F,T,F,T,F,F,Y
1045,5,F,F,T,F,F,F,T,N
1047,1,F,F,T,F,F,T,F,N
1048,1,F,F,T,F,F,F,T,N
1049,2,F,F,T,F,F,F,T,N
1050,9,F,F,T,F,F,F,T,N
1051,1,F,F,T,F,F,T,F,N
1052,10,F,F,T,F,F,T,F,N
1053,0,F,F,T,F,F,F,T,N
1054,2,F,F,T,F,F,F,T,N
1055,1,F,F,T,F,F,F,T,N
1056,4,F,F,T,F,F,T,F,N
1057,11,F,F,T,F,F,F,T,N
1058,7,F,F,T,F,F,F,T,N
1059,0,F,F,T,F,F,F,T,N
1060,0,F,F,T,F,F,F,T,N
1061,3,F,F,T,F,F,T,F,N
1062,0,F,F,T,F,F,F,T,N
1063,0,F,F,T,F,F,F,T,N
1064,3,F,F,T,F,F,F,T,N
1065,0,F,F,T,F,F,F,T,N
1066,8,F,F,T,F,F,F,T,N
1067,9,F,F,T,F,F,F,T,N
1068,2,F,F,T,F,F,T,F,N
1069,24,F,F,T,F,F,T,F,N
1070,0,F,F,T,F,F,F,T,N
1071,4,F,F,T,F,F,F,T,N
1072,7,F,F,T,F,F,T,F,N
1073,2,F,F,T,F,F,F,T,N
1074,4,F,F,T,F,F,T,F,N
1075,6,F,F,T,F,F,T,F,N
1076,7,F,F,T,F,F,F,T,N
1077,2,F,F,T,F,F,F,T,N
1078,0,F,F,T,F,F,F,T,N
1079,0,F,F,T,F,F,F,T,N
1080,2,F,F,T,F,F,F,T,N
1081,0,F,F,T,F,F,F,T,N
1082,0,F,F,T,F,F,F,T,N
1083,0,F,F,T,F,F,F,T,N
1084,0,F,F,T,F,F,F,T,N
1085,3,F,F,T,F,F,T,F,N
1086,28,F,F,T,F,F,F,T,N
1087,7,F,F,T,F,F,T,F,N
1088,1,F,F,T,F,F,F,T,N
1089,8,F,F,T,F,F,T,F,N
1090,4,F,F,T,F,F,F,T,N
1091,25,F,F,T,F,F,F,T,N
1092,1,F,F,T,F,F,T,F,N
1093,1,F,F,T,F,F,F,T,N
1094,2,F,F,T,F,F,T,F,N
1095,0,F,F,T,F,F,F,T,N
1096,1,F,F,T,F,F,T,F,N
1097,1,F,F,T,F,F,F,T,N
1098,0,F,F,T,F,F,F,T,N
1099,1,F,F,T,F,F,F,T,N
1100,0,F,F,T,F,F,F,T,N
1101,9,F,F,T,F,F,T,F,N
1102,5,F,F,T,F,F,F,T,N
1103,1,F,F,T,F,F,F,T,N
1104,4,F,F,T,F,F,F,T,N
1105,0,F,F,T,F,F,F,T,N
1106,3,F,F,T,F,F,F,T,N
1107,1,F,F,T,F,F,F,T,N
1108,1,F,F,T,F,F,F,T,N
1109,0,F,F,T,F,F,T,F,N
1110,0,F,F,T,F,F,F,T,N
1111,1,F,F,T,F,F,T,F,N
1112,0,F,F,T,F,F,F,T,N
1113,0,F,F,T,F,F,T,F,N
1114,0,F,F,T,F,F,F,T,N
1115,1,F,F,T,F,F,T,F,N
1116,2,F,F,T,F,F,T,F,N
1117,1,F,F,T,F,F,F,T,N
1118,0,F,F,T,F,F,T,F,N
1119,6,F,F,T,F,F,T,F,N
1120,17,F,F,T,F,F,F,T,N
1121,19,F,F,T,F,F,F,T,N
1122,4,F,F,T,F,F,F,T,N
1123,3,F,F,T,F,F,F,T,N
1124,1,F,F,T,F,F,F,T,N
1125,1,F,F,T,F,F,F,T,N
1126,1,F,F,T,F,F,T,F,N
1127,4,F,F,T,F,F,F,T,N
1128,2,F,F,T,F,F,F,T,N
1129,0,F,F,T,F,F,T,F,N
1130,6,F,F,T,F,F,F,T,N
1131,5,F,F,T,F,F,T,F,N
1132,3,F,F,T,F,F,F,T,N
1133,3,F,F,T,F,F,F,T,N
1134,5,F,F,T,F,F,F,T,N
1135,7,F,F,T,F,F,F,T,N
1136,1,F,F,T,F,F,T,F,N
1137,3,F,F,T,F,F,F,T,N
1138,14,F,F,T,F,F,F,T,N
1139,6,F,F,T,F,F,T,F,N
1140,6,F,F,T,F,F,T,F,N
1141,3,F,F,T,F,F,F,T,N
1142,2,F,F,T,F,F,F,T,N
1143,4,F,F,T,F,F,F,T,N
1144,3,F,F,T,F,F,F,T,N
1145,2,F,F,T,F,F,F,T,N
1146,1,F,F,T,F,F,F,T,N
1147,1,F,F,T,F,F,F,T,N
1148,3,F,F,T,F,F,F,T,N
1149,3,F,F,T,F,F,F,T,N
1150,5,F,F,T,F,F,F,T,N
1151,9,F,F,T,F,F,F,T,N
1152,3,F,F,T,F,F,F,T,N
1153,1,F,F,T,F,F,F,T,N
1154,2,F,F,T,F,F,F,T,N
1155,1,F,F,T,F,F,T,F,N
1156,5,F,F,T,F,F,F,T,N
1157,2,F,F,T,F,F,F,T,N
1158,15,F,F,T,F,F,F,T,N
1159,10,F,F,T,F,F,T,F,N
1161,7,F,F,T,F,F,F,T,N
1162,3,F,F,T,F,F,F,T,N
1163,5,F,F,T,F,F,F,T,N
1164,4,F,F,T,F,F,F,T,N
1165,5,F,F,T,F,F,F,T,N
1166,6,F,F,T,F,F,F,T,N
1167,6,F,F,T,F,F,F,T,N
1168,1,F,F,T,F,F,F,T,N
1169,4,F,F,T,F,F,F,T,N
1170,5,F,F,T,F,F,F,T,N
1171,3,F,F,T,F,F,F,T,N
1172,12,F,F,T,F,F,F,T,N
1173,3,F,F,T,F,F,F,T,N
1174,2,F,F,T,F,F,F,T,N
1175,1,F,F,T,F,F,F,T,N
1176,1,F,F,T,F,F,F,T,N
1178,0,F,F,T,F,F,F,T,N
1180,13,F,F,T,F,F,T,F,N
1181,1,F,F,T,F,F,F,T,N
1182,2,F,F,T,F,F,F,T,N
1183,1,F,F,T,F,F,F,T,N
1184,1,F,F,T,F,F,F,T,N
1186,3,F,F,T,F,F,F,T,N
1187,2,F,F,T,F,F,F,T,N
1188,0,F,F,T,F,F,F,T,N
1189,4,F,F,T,F,F,F,T,N
1191,3,F,F,T,F,F,F,T,N
1195,0,F,F,T,F,F,F,T,N
1196,0,F,F,T,F,F,F,T,N
1197,1,F,F,T,F,F,F,T,N
1198,0,F,F,T,F,F,F,T,N
1199,0,F,F,T,F,F,F,T,N
1200,1,F,F,T,F,F,F,T,N
1201,1,F,F,T,F,F,F,T,N
1202,1,F,F,T,F,F,F,T,N
1203,1,F,F,T,F,F,F,T,N
1204,1,F,F,T,F,F,F,T,N
1205,0,F,F,T,F,F,F,T,N
1206,0,F,F,T,F,F,F,T,N
1208,0,F,F,T,F,F,F,T,N
1209,0,F,F,T,F,F,F,T,N
1210,0,F,F,T,F,F,F,T,N
1213,0,F,F,T,F,F,F,T,N
1214,0,F,F,T,F,F,F,T,N
1215,0,F,F,T,F,F,F,T,N
1216,0,F,F,T,F,F,F,T,N
1219,0,F,F,T,F,F,F,T,N
1220,0,F,F,T,F,F,F,T,N
1221,0,F,F,T,F,F,F,T,N
1223,0,F,F,T,F,F,F,T,N
1226,0,F,F,T,F,F,F,T,N
1228,0,F,F,T,F,F,F,T,N
1229,0,F,F,T,F,F,F,T,N
1230,0,F,F,T,F,F,F,T,N
1232,0,F,F,T,F,F,F,T,N
1233,0,F,F,T,F,F,F,T,N
1236,0,F,F,T,F,F,F,T,N
1237,0,F,F,T,F,F,F,T,N
1238,0,F,F,T,F,F,F,T,N
1239,0,F,F,T,F,F,F,T,N
1243,0,F,F,T,F,F,F,T,N
1245,0,F,F,T,F,F,F,T,N
1246,0,F,F,T,F,F,F,T,N
8,0,F,F,F,T,F,F,T,N
18,0,F,F,F,T,F,F,T,N
21,3,F,F,F,T,F,F,T,N
24,3,F,F,F,T,F,F,T,N
25,6,F,F,F,T,F,F,T,N
26,3,F,F,F,T,F,F,T,N
27,2,F,F,F,T,F,F,T,N
28,2,F,F,F,T,F,F,T,N
29,2,F,F,F,T,F,F,T,N
30,2,F,F,F,T,F,F,T,N
31,7,F,F,F,T,F,F,T,N
32,0,F,F,F,T,F,F,T,N
33,0,F,F,F,T,F,F,T,N
34,0,F,F,F,T,F,F,T,N
36,2,F,F,F,T,F,F,T,N
43,0,F,F,F,T,F,T,F,Y
44,0,F,F,F,T,T,F,F,N
45,0,F,F,F,T,T,F,F,N
46,0,F,F,F,T,F,T,F,Y
47,0,F,F,F,T,F,T,F,Y
48,0,F,F,F,T,T,F,F,N
49,0,F,F,F,T,F,F,T,N
50,1,F,F,F,T,F,F,T,N
56,0,F,F,F,T,F,F,T,N
57,0,F,F,F,T,F,F,T,N
58,0,F,F,F,T,F,F,T,N
59,0,F,F,F,T,F,F,T,N
60,1,F,F,F,T,F,F,T,N
63,1,F,F,F,T,F,F,T,N
64,2,F,F,F,T,F,F,T,N
65,1,F,F,F,T,F,F,T,N
66,4,F,F,F,T,F,F,T,N
68,1,F,F,F,T,F,F,T,N
69,3,F,F,F,T,F,F,T,N
70,5,F,F,F,T,F,F,T,N
71,0,F,F,F,T,F,F,T,N
76,0,F,F,F,T,T,F,F,N
84,0,F,F,F,T,F,T,F,Y
102,0,F,F,F,T,F,T,F,Y
103,0,F,F,F,T,T,F,F,N
105,27,F,F,F,T,F,F,T,N
107,0,F,F,F,T,F,F,T,N
123,3,F,F,F,T,T,F,F,N
124,0,F,F,F,T,F,F,T,N
125,0,F,F,F,T,F,F,T,N
128,0,F,F,F,T,T,F,F,N
129,0,F,F,F,T,T,F,F,N
130,3,F,F,F,T,F,T,F,Y
132,6,F,F,F,T,F,F,T,N
133,9,F,F,F,T,F,F,T,N
134,2,F,F,F,T,F,F,T,N
135,2,F,F,F,T,F,F,T,N
136,2,F,F,F,T,F,F,T,N
137,3,F,F,F,T,F,F,T,N
138,0,F,F,F,T,T,F,F,N
139,28,F,F,F,T,F,T,F,Y
140,1,F,F,F,T,T,F,F,N
141,2,F,F,F,T,F,F,T,N
144,0,F,F,F,T,T,F,F,N
145,0,F,F,F,T,F,T,F,Y
146,1,F,F,F,T,F,F,T,N
147,3,F,F,F,T,F,F,T,N
148,0,F,F,F,T,F,F,T,N
151,12,F,F,F,T,F,F,T,N
152,0,F,F,F,T,F,F,T,N
154,0,F,F,F,T,T,F,F,N
156,2,F,F,F,T,F,F,T,N
158,27,F,F,F,T,T,F,F,N
161,1,F,F,F,T,F,F,T,N
162,1,F,F,F,T,F,F,T,N
167,3,F,F,F,T,F,F,T,N
170,3,F,F,F,T,F,F,T,N
171,0,F,F,F,T,F,F,T,N
172,0,F,F,F,T,F,T,F,Y
173,0,F,F,F,T,T,F,F,N
175,0,F,F,F,T,T,F,F,N
176,0,F,F,F,T,F,F,T,N
177,0,F,F,F,T,F,F,T,N
178,2,F,F,F,T,F,F,T,N
179,0,F,F,F,T,T,F,F,N
180,0,F,F,F,T,F,F,T,N
181,4,F,F,F,T,F,F,T,N
182,11,F,F,F,T,F,F,T,N
183,0,F,F,F,T,F,T,F,Y
184,14,F,F,F,T,T,F,F,N
188,0,F,F,F,T,F,T,F,Y
189,0,F,F,F,T,F,T,F,Y
190,0,F,F,F,T,F,T,F,Y
191,0,F,F,F,T,T,F,F,N
192,0,F,F,F,T,F,T,F,Y
193,0,F,F,F,T,T,F,F,N
194,0,F,F,F,T,F,T,F,Y
195,0,F,F,F,T,T,F,F,N
197,0,F,F,F,T,T,F,F,N
198,0,F,F,F,T,F,F,T,N
199,0,F,F,F,T,F,T,F,Y
200,0,F,F,F,T,F,F,T,N
201,6,F,F,F,T,T,F,F,N
204,0,F,F,F,T,T,F,F,N
205,0,F,F,F,T,F,T,F,Y
207,1,F,F,F,T,F,T,F,Y
208,9,F,F,F,T,T,F,F,N
209,80,F,F,F,T,F,T,F,Y
212,10,F,F,F,T,F,T,F,Y
213,0,F,F,F,T,F,T,F,Y
214,0,F,F,F,T,F,F,T,N
215,0,F,F,F,T,F,F,T,N
216,0,F,F,F,T,T,F,F,N
217,0,F,F,F,T,F,T,F,Y
220,0,F,F,F,T,F,T,F,Y
224,0,F,F,F,T,T,F,F,N
225,0,F,F,F,T,F,F,T,N
226,0,F,F,F,T,F,F,T,N
227,0,F,F,F,T,F,F,T,N
228,0,F,F,F,T,F,F,T,N
229,0,F,F,F,T,T,F,F,N
230,5,F,F,F,T,T,F,F,N
231,0,F,F,F,T,F,F,T,N
253,19,F,F,F,T,T,F,F,N
254,7,F,F,F,T,F,T,F,Y
257,4,F,F,F,T,F,T,F,Y
287,0,F,F,F,T,F,F,T,N
290,0,F,F,F,T,F,F,T,N
291,0,F,F,F,T,F,F,T,N
292,0,F,F,F,T,F,F,T,N
293,0,F,F,F,T,F,F,T,N
294,0,F,F,F,T,F,F,T,N
295,0,F,F,F,T,F,F,T,N
296,0,F,F,F,T,F,F,T,N
297,0,F,F,F,T,F,F,T,N
298,0,F,F,F,T,F,F,T,N
299,0,F,F,F,T,F,F,T,N
300,0,F,F,F,T,F,F,T,N
301,0,F,F,F,T,F,F,T,N
302,3,F,F,F,T,F,F,T,N
307,29,F,F,F,T,F,T,F,Y
309,9,F,F,F,T,T,F,F,N
310,3,F,F,F,T,F,F,T,N
311,2,F,F,F,T,F,F,T,N
312,3,F,F,F,T,F,F,T,N
313,1,F,F,F,T,F,F,T,N
314,9,F,F,F,T,T,F,F,N
315,2,F,F,F,T,F,F,T,N
316,12,F,F,F,T,T,F,F,N
317,0,F,F,F,T,F,F,T,N
318,2,F,F,F,T,F,F,T,N
320,13,F,F,F,T,F,F,T,N
321,0,F,F,F,T,T,F,F,N
322,16,F,F,F,T,F,F,T,N
326,0,F,F,F,T,T,F,F,N
327,3,F,F,F,T,F,F,T,N
328,1,F,F,F,T,T,F,F,N
330,9,F,F,F,T,F,F,T,N
332,0,F,F,F,T,F,F,T,N
333,3,F,F,F,T,T,F,F,N
334,9,F,F,F,T,F,T,F,Y
336,0,F,F,F,T,F,F,T,N
337,11,F,F,F,T,F,T,F,Y
338,6,F,F,F,T,T,F,F,N
341,10,F,F,F,T,F,T,F,Y
342,3,F,F,F,T,F,T,F,Y
343,11,F,F,F,T,F,T,F,Y
345,0,F,F,F,T,T,F,F,N
346,0,F,F,F,T,F,F,T,N
347,0,F,F,F,T,T,F,F,N
349,0,F,F,F,T,F,T,F,Y
350,5,F,F,F,T,F,F,T,N
351,2,F,F,F,T,F,F,T,N
352,0,F,F,F,T,F,T,F,Y
353,7,F,F,F,T,F,F,T,N
355,0,F,F,F,T,T,F,F,N
357,0,F,F,F,T,T,F,F,N
358,0,F,F,F,T,T,F,F,N
359,0,F,F,F,T,F,T,F,Y
360,14,F,F,F,T,F,T,F,Y
361,0,F,F,F,T,F,T,F,Y
362,3,F,F,F,T,F,F,T,N
363,1,F,F,F,T,F,F,T,N
369,8,F,F,F,T,T,F,F,N
370,220,F,F,F,T,F,T,F,Y
372,0,F,F,F,T,F,T,F,Y
374,0,F,F,F,T,T,F,F,N
375,64,F,F,F,T,F,T,F,Y
376,0,F,F,F,T,T,F,F,N
377,42,F,F,F,T,T,F,F,N
379,0,F,F,F,T,F,F,T,N
382,29,F,F,F,T,F,T,F,Y
384,0,F,F,F,T,T,F,F,N
386,0,F,F,F,T,T,F,F,N
387,0,F,F,F,T,F,F,T,N
393,0,F,F,F,T,F,T,F,Y
399,15,F,F,F,T,F,T,F,Y
400,6,F,F,F,T,F,F,T,N
402,1,F,F,F,T,F,F,T,N
403,5,F,F,F,T,T,F,F,N
404,2,F,F,F,T,F,T,F,Y
405,0,F,F,F,T,F,T,F,Y
406,1,F,F,F,T,F,F,T,N
409,0,F,F,F,T,F,F,T,N
410,0,F,F,F,T,F,T,F,Y
411,0,F,F,F,T,F,F,T,N
413,16,F,F,F,T,F,T,F,Y
414,3,F,F,F,T,F,F,T,N
416,0,F,F,F,T,T,F,F,N
417,0,F,F,F,T,F,T,F,Y
418,0,F,F,F,T,T,F,F,N
419,0,F,F,F,T,T,F,F,N
420,8,F,F,F,T,T,F,F,N
421,0,F,F,F,T,F,F,T,N
422,0,F,F,F,T,F,T,F,Y
424,0,F,F,F,T,F,F,T,N
425,0,F,F,F,T,T,F,F,N
426,0,F,F,F,T,F,T,F,Y
427,2,F,F,F,T,F,F,T,N
428,0,F,F,F,T,T,F,F,N
431,0,F,F,F,T,F,F,T,N
435,2,F,F,F,T,F,F,T,N
436,2,F,F,F,T,F,F,T,N
437,0,F,F,F,T,F,F,T,N
438,0,F,F,F,T,T,F,F,N
439,0,F,F,F,T,F,F,T,N
440,0,F,F,F,T,F,F,T,N
441,3,F,F,F,T,F,F,T,N
442,2,F,F,F,T,F,F,T,N
443,1,F,F,F,T,F,F,T,N
445,0,F,F,F,T,F,T,F,Y
446,3,F,F,F,T,F,F,T,N
447,4,F,F,F,T,T,F,F,N
448,0,F,F,F,T,T,F,F,N
449,1,F,F,F,T,F,F,T,N
450,9,F,F,F,T,F,F,T,N
451,0,F,F,F,T,T,F,F,N
452,8,F,F,F,T,T,F,F,N
453,0,F,F,F,T,F,F,T,N
454,77,F,F,F,T,T,F,F,N
455,2,F,F,F,T,F,F,T,N
456,3,F,F,F,T,F,F,T,N
459,0,F,F,F,T,F,T,F,Y
465,0,F,F,F,T,F,T,F,Y
466,0,F,F,F,T,F,T,F,Y
467,0,F,F,F,T,T,F,F,N
468,0,F,F,F,T,T,F,F,N
469,0,F,F,F,T,F,T,F,Y
483,0,F,F,F,T,F,F,T,N
484,5,F,F,F,T,F,F,T,N
508,0,F,F,F,T,F,F,T,N
511,0,F,F,F,T,F,T,F,Y
529,2,F,F,F,T,T,F,F,N
531,1,F,F,F,T,F,F,T,N
532,3,F,F,F,T,F,F,T,N
533,27,F,F,F,T,F,T,F,Y
534,1,F,F,F,T,F,F,T,N
535,0,F,F,F,T,F,F,T,N
540,0,F,F,F,T,F,F,T,N
541,0,F,F,F,T,F,F,T,N
547,1,F,F,F,T,F,F,T,N
548,3,F,F,F,T,F,F,T,N
549,1,F,F,F,T,F,F,T,N
551,7,F,F,F,T,F,T,F,Y
552,25,F,F,F,T,F,T,F,Y
553,14,F,F,F,T,T,F,F,N
554,0,F,F,F,T,F,T,F,Y
555,1,F,F,F,T,F,F,T,N
556,10,F,F,F,T,F,F,T,N
557,0,F,F,F,T,F,F,T,N
558,0,F,F,F,T,F,F,T,N
559,0,F,F,F,T,F,T,F,Y
560,0,F,F,F,T,F,T,F,Y
561,5,F,F,F,T,T,F,F,N
562,10,F,F,F,T,F,T,F,Y
565,7,F,F,F,T,T,F,F,N
566,103,F,F,F,T,F,T,F,Y
568,0,F,F,F,T,F,F,T,N
577,0,F,F,F,T,F,F,T,N
579,11,F,F,F,T,F,F,T,N
580,0,F,F,F,T,F,T,F,Y
581,3,F,F,F,T,T,F,F,N
582,22,F,F,F,T,F,T,F,Y
583,0,F,F,F,T,T,F,F,N
584,85,F,F,F,T,F,T,F,Y
586,1,F,F,F,T,F,F,T,N
587,3,F,F,F,T,F,T,F,Y
588,0,F,F,F,T,T,F,F,N
607,0,F,F,F,T,T,F,F,N
608,1,F,F,F,T,F,F,T,N
609,18,F,F,F,T,T,F,F,N
616,12,F,F,F,T,F,T,F,Y
620,87,F,F,F,T,T,F,F,N
622,9,F,F,F,T,T,F,F,N
623,9,F,F,F,T,F,T,F,Y
624,0,F,F,F,T,F,T,F,Y
625,0,F,F,F,T,T,F,F,N
628,0,F,F,F,T,F,T,F,Y
629,9,F,F,F,T,F,F,T,N
631,1,F,F,F,T,F,F,T,N
632,0,F,F,F,T,F,T,F,Y
633,5,F,F,F,T,T,F,F,N
634,0,F,F,F,T,F,F,T,N
635,0,F,F,F,T,T,F,F,N
636,0,F,F,F,T,F,F,T,N
637,4,F,F,F,T,F,F,T,N
638,2,F,F,F,T,F,F,T,N
639,1,F,F,F,T,F,F,T,N
640,0,F,F,F,T,F,T,F,Y
644,8,F,F,F,T,T,F,F,N
646,0,F,F,F,T,F,F,T,N
647,11,F,F,F,T,T,F,F,N
649,0,F,F,F,T,F,T,F,Y
650,0,F,F,F,T,F,F,T,N
651,0,F,F,F,T,F,F,T,N
653,0,F,F,F,T,F,F,T,N
654,3,F,F,F,T,T,F,F,N
656,0,F,F,F,T,F,T,F,Y
657,1,F,F,F,T,F,F,T,N
659,0,F,F,F,T,F,T,F,Y
663,1,F,F,F,T,T,F,F,N
664,38,F,F,F,T,F,T,F,Y
665,5,F,F,F,T,T,F,F,N
666,7,F,F,F,T,F,T,F,Y
668,2,F,F,F,T,F,F,T,N
670,0,F,F,F,T,T,F,F,N
673,13,F,F,F,T,F,T,F,Y
675,0,F,F,F,T,F,F,T,N
678,2,F,F,F,T,F,F,T,N
679,0,F,F,F,T,T,F,F,N
680,1,F,F,F,T,F,F,T,N
681,17,F,F,F,T,F,T,F,Y
682,3,F,F,F,T,F,F,T,N
683,0,F,F,F,T,F,F,T,N
684,19,F,F,F,T,T,F,F,N
686,0,F,F,F,T,F,F,T,N
688,5,F,F,F,T,F,F,T,N
689,1,F,F,F,T,F,F,T,N
690,0,F,F,F,T,F,F,T,N
691,0,F,F,F,T,F,F,T,N
692,0,F,F,F,T,F,F,T,N
693,0,F,F,F,T,T,F,F,N
694,0,F,F,F,T,F,F,T,N
696,0,F,F,F,T,F,F,T,N
697,2,F,F,F,T,F,F,T,N
701,6,F,F,F,T,F,F,T,N
702,0,F,F,F,T,T,F,F,N
703,0,F,F,F,T,F,T,F,Y
704,0,F,F,F,T,T,F,F,N
705,0,F,F,F,T,F,T,F,Y
706,27,F,F,F,T,T,F,F,N
708,17,F,F,F,T,F,T,F,Y
709,45,F,F,F,T,F,F,T,N
710,0,F,F,F,T,T,F,F,N
711,1,F,F,F,T,F,F,T,N
712,8,F,F,F,T,F,F,T,N
714,0,F,F,F,T,F,F,T,N
715,0,F,F,F,T,T,F,F,N
717,41,F,F,F,T,F,T,F,Y
718,0,F,F,F,T,F,T,F,Y
719,0,F,F,F,T,T,F,F,N
720,0,F,F,F,T,T,F,F,N
721,6,F,F,F,T,F,F,T,N
722,1,F,F,F,T,F,F,T,N
723,5,F,F,F,T,F,T,F,Y
724,13,F,F,F,T,T,F,F,N
725,4,F,F,F,T,F,F,T,N
726,16,F,F,F,T,T,F,F,N
727,19,F,F,F,T,F,T,F,Y
729,0,F,F,F,T,F,F,T,N
731,5,F,F,F,T,F,F,T,N
732,14,F,F,F,T,F,T,F,Y
733,0,F,F,F,T,F,T,F,Y
734,0,F,F,F,T,F,F,T,N
736,1,F,F,F,T,F,F,T,N
740,0,F,F,F,T,F,F,T,N
741,1,F,F,F,T,T,F,F,N
742,5,F,F,F,T,F,F,T,N
743,0,F,F,F,T,F,F,T,N
744,1,F,F,F,T,F,F,T,N
745,2,F,F,F,T,T,F,F,N
746,0,F,F,F,T,F,F,T,N
748,5,F,F,F,T,F,F,T,N
749,1,F,F,F,T,F,F,T,N
753,3,F,F,F,T,F,F,T,N
755,12,F,F,F,T,F,F,T,N
756,0,F,F,F,T,F,F,T,N
757,3,F,F,F,T,F,F,T,N
759,0,F,F,F,T,F,F,T,N
760,1,F,F,F,T,F,F,T,N
761,0,F,F,F,T,F,T,F,Y
762,1,F,F,F,T,F,F,T,N
768,1,F,F,F,T,F,F,T,N
769,3,F,F,F,T,F,F,T,N
770,0,F,F,F,T,F,F,T,N
771,3,F,F,F,T,F,F,T,N
772,3,F,F,F,T,F,F,T,N
773,0,F,F,F,T,F,F,T,N
774,0,F,F,F,T,T,F,F,N
776,19,F,F,F,T,F,T,F,Y
777,9,F,F,F,T,F,F,T,N
778,0,F,F,F,T,F,F,T,N
779,0,F,F,F,T,F,F,T,N
782,0,F,F,F,T,F,F,T,N
783,0,F,F,F,T,F,F,T,N
786,0,F,F,F,T,T,F,F,N
787,16,F,F,F,T,F,T,F,Y
788,0,F,F,F,T,F,F,T,N
789,0,F,F,F,T,F,T,F,Y
790,0,F,F,F,T,F,F,T,N
791,0,F,F,F,T,T,F,F,N
792,25,F,F,F,T,F,T,F,Y
793,5,F,F,F,T,T,F,F,N
794,26,F,F,F,T,F,T,F,Y
795,1,F,F,F,T,F,F,T,N
796,0,F,F,F,T,F,F,T,N
798,2,F,F,F,T,F,F,T,N
799,1,F,F,F,T,F,F,T,N
801,0,F,F,F,T,T,F,F,N
802,13,F,F,F,T,F,T,F,Y
803,0,F,F,F,T,F,T,F,Y
804,7,F,F,F,T,F,F,T,N
805,2,F,F,F,T,F,F,T,N
806,1,F,F,F,T,F,F,T,N
809,0,F,F,F,T,F,F,T,N
812,1,F,F,F,T,F,F,T,N
813,1,F,F,F,T,F,F,T,N
816,6,F,F,F,T,T,F,F,N
817,21,F,F,F,T,F,T,F,Y
818,0,F,F,F,T,T,F,F,N
819,0,F,F,F,T,T,F,F,N
820,0,F,F,F,T,F,F,T,N
821,2,F,F,F,T,F,F,T,N
822,3,F,F,F,T,T,F,F,N
823,0,F,F,F,T,F,F,T,N
824,1,F,F,F,T,F,F,T,N
825,1,F,F,F,T,F,F,T,N
826,2,F,F,F,T,F,F,T,N
827,3,F,F,F,T,F,F,T,N
835,0,F,F,F,T,F,T,F,Y
837,28,F,F,F,T,F,T,F,Y
838,0,F,F,F,T,F,T,F,Y
839,0,F,F,F,T,T,F,F,N
841,0,F,F,F,T,F,F,T,N
842,15,F,F,F,T,T,F,F,N
844,2,F,F,F,T,F,F,T,N
845,38,F,F,F,T,F,T,F,Y
846,0,F,F,F,T,F,T,F,Y
847,0,F,F,F,T,T,F,F,N
848,0,F,F,F,T,F,T,F,Y
850,1,F,F,F,T,F,F,T,N
851,2,F,F,F,T,T,F,F,N
853,0,F,F,F,T,T,F,F,N
856,0,F,F,F,T,T,F,F,N
857,28,F,F,F,T,F,T,F,Y
858,8,F,F,F,T,T,F,F,N
859,36,F,F,F,T,F,T,F,Y
860,14,F,F,F,T,F,T,F,Y
861,5,F,F,F,T,F,T,F,Y
862,18,F,F,F,T,F,T,F,Y
863,3,F,F,F,T,T,F,F,N
864,10,F,F,F,T,F,F,T,N
865,11,F,F,F,T,F,T,F,Y
866,12,F,F,F,T,F,T,F,Y
867,0,F,F,F,T,F,T,F,Y
868,9,F,F,F,T,F,F,T,N
869,1,F,F,F,T,F,F,T,N
871,0,F,F,F,T,F,F,T,N
872,0,F,F,F,T,F,F,T,N
873,2,F,F,F,T,F,F,T,N
875,1,F,F,F,T,T,F,F,N
876,1,F,F,F,T,T,F,F,N
877,1,F,F,F,T,F,T,F,Y
878,1,F,F,F,T,F,T,F,Y
879,5,F,F,F,T,F,F,T,N
880,10,F,F,F,T,F,T,F,Y
882,0,F,F,F,T,F,F,T,N
883,1,F,F,F,T,F,F,T,N
884,1,F,F,F,T,F,F,T,N
885,0,F,F,F,T,F,F,T,N
887,1,F,F,F,T,F,F,T,N
888,0,F,F,F,T,F,F,T,N
892,0,F,F,F,T,F,F,T,N
894,0,F,F,F,T,F,T,F,Y
895,6,F,F,F,T,T,F,F,N
896,6,F,F,F,T,F,T,F,Y
897,0,F,F,F,T,T,F,F,N
898,0,F,F,F,T,F,T,F,Y
899,0,F,F,F,T,F,T,F,Y
900,34,F,F,F,T,T,F,F,N
901,26,F,F,F,T,F,T,F,Y
902,0,F,F,F,T,F,F,T,N
905,1,F,F,F,T,T,F,F,N
906,0,F,F,F,T,F,T,F,Y
907,0,F,F,F,T,F,T,F,Y
908,0,F,F,F,T,F,F,T,N
909,31,F,F,F,T,F,F,T,N
910,0,F,F,F,T,T,F,F,N
912,2,F,F,F,T,F,F,T,N
913,0,F,F,F,T,F,F,T,N
914,1,F,F,F,T,F,F,T,N
915,0,F,F,F,T,F,F,T,N
916,0,F,F,F,T,F,F,T,N
917,0,F,F,F,T,F,T,F,Y
918,0,F,F,F,T,T,F,F,N
919,17,F,F,F,T,F,F,T,N
920,0,F,F,F,T,T,F,F,N
921,1,F,F,F,T,F,F,T,N
922,0,F,F,F,T,T,F,F,N
923,0,F,F,F,T,T,F,F,N
924,1,F,F,F,T,F,T,F,Y
925,0,F,F,F,T,T,F,F,N
926,36,F,F,F,T,T,F,F,N
927,2,F,F,F,T,T,F,F,N
928,4,F,F,F,T,F,T,F,Y
929,21,F,F,F,T,T,F,F,N
931,1,F,F,F,T,T,F,F,N
932,2,F,F,F,T,F,T,F,Y
933,2,F,F,F,T,T,F,F,N
934,0,F,F,F,T,F,T,F,Y
935,1,F,F,F,T,F,F,T,N
936,0,F,F,F,T,T,F,F,N
937,0,F,F,F,T,F,T,F,Y
938,0,F,F,F,T,F,F,T,N
939,0,F,F,F,T,F,T,F,Y
940,0,F,F,F,T,T,F,F,N
941,0,F,F,F,T,T,F,F,N
942,13,F,F,F,T,T,F,F,N
943,16,F,F,F,T,T,F,F,N
944,2,F,F,F,T,T,F,F,N
946,0,F,F,F,T,F,F,T,N
947,0,F,F,F,T,F,T,F,Y
948,37,F,F,F,T,F,T,F,Y
949,21,F,F,F,T,F,T,F,Y
951,6,F,F,F,T,F,T,F,Y
952,0,F,F,F,T,F,T,F,Y
953,4,F,F,F,T,F,T,F,Y
954,22,F,F,F,T,F,T,F,Y
956,7,F,F,F,T,F,T,F,Y
957,0,F,F,F,T,T,F,F,N
958,0,F,F,F,T,T,F,F,N
959,16,F,F,F,T,T,F,F,N
961,2,F,F,F,T,T,F,F,N
962,0,F,F,F,T,T,F,F,N
963,0,F,F,F,T,T,F,F,N
964,20,F,F,F,T,T,F,F,N
966,2,F,F,F,T,T,F,F,N
967,0,F,F,F,T,F,T,F,Y
968,3,F,F,F,T,F,T,F,Y
969,13,F,F,F,T,F,T,F,Y
971,2,F,F,F,T,F,T,F,Y
972,0,F,F,F,T,F,T,F,Y
973,5,F,F,F,T,F,T,F,Y
974,14,F,F,F,T,F,T,F,Y
975,11,F,F,F,T,F,T,F,Y
977,0,F,F,F,T,T,F,F,N
978,5,F,F,F,T,T,F,F,N
979,12,F,F,F,T,T,F,F,N
981,0,F,F,F,T,T,F,F,N
982,0,F,F,F,T,F,T,F,Y
983,16,F,F,F,T,F,T,F,Y
984,28,F,F,F,T,F,T,F,Y
986,6,F,F,F,T,F,T,F,Y
987,0,F,F,F,T,T,F,F,N
988,6,F,F,F,T,T,F,F,N
989,16,F,F,F,T,T,F,F,N
991,3,F,F,F,T,T,F,F,N
992,1,F,F,F,T,F,F,T,N
993,1,F,F,F,T,F,F,T,N
994,4,F,F,F,T,F,F,T,N
995,5,F,F,F,T,F,F,T,N
996,16,F,F,F,T,F,F,T,N
997,1,F,F,F,T,F,F,T,N
998,0,F,F,F,T,F,F,T,N
999,4,F,F,F,T,F,F,T,N
1001,0,F,F,F,T,F,F,T,N
1002,1,F,F,F,T,F,F,T,N
1003,0,F,F,F,T,F,F,T,N
1004,2,F,F,F,T,T,F,F,N
1006,1,F,F,F,T,F,F,T,N
1007,12,F,F,F,T,T,F,F,N
1008,23,F,F,F,T,F,T,F,Y
1009,14,F,F,F,T,F,T,F,Y
1010,14,F,F,F,T,T,F,F,N
1011,13,F,F,F,T,T,F,F,N
1012,26,F,F,F,T,F,T,F,Y
1013,4,F,F,F,T,F,T,F,Y
1014,8,F,F,F,T,T,F,F,N
1015,17,F,F,F,T,F,T,F,Y
1016,8,F,F,F,T,T,F,F,N
1017,0,F,F,F,T,F,F,T,N
1018,0,F,F,F,T,F,F,T,N
1019,0,F,F,F,T,F,F,T,N
1020,1,F,F,F,T,F,F,T,N
1021,0,F,F,F,T,F,F,T,N
1022,0,F,F,F,T,F,F,T,N
1023,0,F,F,F,T,F,F,T,N
1024,1,F,F,F,T,F,F,T,N
1025,0,F,F,F,T,F,T,F,Y
1026,6,F,F,F,T,T,F,F,N
1027,0,F,F,F,T,F,T,F,Y
1028,0,F,F,F,T,F,F,T,N
1029,6,F,F,F,T,F,T,F,Y
1030,1,F,F,F,T,T,F,F,N
1031,70,F,F,F,T,F,T,F,Y
1032,47,F,F,F,T,F,T,F,Y
1033,1,F,F,F,T,F,F,T,N
1034,2,F,F,F,T,T,F,F,N
1035,1,F,F,F,T,F,F,T,N
1036,9,F,F,F,T,F,T,F,Y
1037,88,F,F,F,T,F,T,F,Y
1038,15,F,F,F,T,F,T,F,Y
1039,7,F,F,F,T,T,F,F,N
1040,15,F,F,F,T,T,F,F,N
1041,0,F,F,F,T,T,F,F,N
1042,0,F,F,F,T,T,F,F,N
1043,9,F,F,F,T,F,T,F,Y
1044,14,F,F,F,T,T,F,F,N
1045,5,F,F,F,T,F,F,T,N
1047,12,F,F,F,T,F,T,F,Y
1048,3,F,F,F,T,F,F,T,N
1049,0,F,F,F,T,F,F,T,N
1050,16,F,F,F,T,F,F,T,N
1051,11,F,F,F,T,F,T,F,Y
1052,57,F,F,F,T,F,T,F,Y
1053,0,F,F,F,T,F,F,T,N
1054,0,F,F,F,T,F,F,T,N
1055,2,F,F,F,T,F,F,T,N
1056,3,F,F,F,T,F,T,F,Y
1057,5,F,F,F,T,F,F,T,N
1058,0,F,F,F,T,F,F,T,N
1059,3,F,F,F,T,F,F,T,N
1060,0,F,F,F,T,F,F,T,N
1061,29,F,F,F,T,F,T,F,Y
1062,0,F,F,F,T,F,F,T,N
1063,0,F,F,F,T,F,F,T,N
1064,0,F,F,F,T,F,F,T,N
1065,0,F,F,F,T,F,F,T,N
1066,22,F,F,F,T,F,F,T,N
1067,2,F,F,F,T,F,F,T,N
1068,6,F,F,F,T,F,T,F,Y
1069,6,F,F,F,T,F,T,F,Y
1070,0,F,F,F,T,F,F,T,N
1071,4,F,F,F,T,F,F,T,N
1072,19,F,F,F,T,F,T,F,Y
1073,3,F,F,F,T,F,F,T,N
1074,52,F,F,F,T,F,T,F,Y
1075,4,F,F,F,T,F,T,F,Y
1076,17,F,F,F,T,F,F,T,N
1077,13,F,F,F,T,F,F,T,N
1078,0,F,F,F,T,F,F,T,N
1079,0,F,F,F,T,F,F,T,N
1080,0,F,F,F,T,F,F,T,N
1081,0,F,F,F,T,F,F,T,N
1082,0,F,F,F,T,F,F,T,N
1083,0,F,F,F,T,F,F,T,N
1084,0,F,F,F,T,F,F,T,N
1085,13,F,F,F,T,F,T,F,Y
1086,3,F,F,F,T,F,F,T,N
1087,33,F,F,F,T,F,T,F,Y
1088,0,F,F,F,T,F,F,T,N
1089,4,F,F,F,T,F,T,F,Y
1090,0,F,F,F,T,F,F,T,N
1091,4,F,F,F,T,F,F,T,N
1092,55,F,F,F,T,F,T,F,Y
1093,3,F,F,F,T,F,F,T,N
1094,15,F,F,F,T,F,T,F,Y
1095,2,F,F,F,T,F,F,T,N
1096,24,F,F,F,T,F,T,F,Y
1097,0,F,F,F,T,F,F,T,N
1098,0,F,F,F,T,F,F,T,N
1099,0,F,F,F,T,F,F,T,N
1100,1,F,F,F,T,F,F,T,N
1101,23,F,F,F,T,F,T,F,Y
1102,0,F,F,F,T,F,F,T,N
1103,0,F,F,F,T,F,F,T,N
1104,0,F,F,F,T,F,F,T,N
1105,0,F,F,F,T,F,F,T,N
1106,0,F,F,F,T,F,F,T,N
1107,0,F,F,F,T,F,F,T,N
1108,0,F,F,F,T,F,F,T,N
1109,65,F,F,F,T,F,T,F,Y
1110,0,F,F,F,T,F,F,T,N
1111,8,F,F,F,T,F,T,F,Y
1112,0,F,F,F,T,F,F,T,N
1113,31,F,F,F,T,F,T,F,Y
1114,1,F,F,F,T,F,F,T,N
1115,14,F,F,F,T,F,T,F,Y
1116,9,F,F,F,T,F,T,F,Y
1117,25,F,F,F,T,F,F,T,N
1118,90,F,F,F,T,F,T,F,Y
1119,45,F,F,F,T,F,T,F,Y
1120,3,F,F,F,T,F,F,T,N
1121,18,F,F,F,T,F,F,T,N
1122,0,F,F,F,T,F,F,T,N
1123,1,F,F,F,T,F,F,T,N
1124,1,F,F,F,T,F,F,T,N
1125,0,F,F,F,T,F,F,T,N
1126,43,F,F,F,T,F,T,F,Y
1127,0,F,F,F,T,F,F,T,N
1128,4,F,F,F,T,F,F,T,N
1129,14,F,F,F,T,F,T,F,Y
1130,3,F,F,F,T,F,F,T,N
1131,6,F,F,F,T,F,T,F,Y
1132,3,F,F,F,T,F,F,T,N
1133,2,F,F,F,T,F,F,T,N
1134,0,F,F,F,T,F,F,T,N
1135,0,F,F,F,T,F,F,T,N
1136,30,F,F,F,T,F,T,F,Y
1137,1,F,F,F,T,F,F,T,N
1138,8,F,F,F,T,F,F,T,N
1139,6,F,F,F,T,F,T,F,Y
1140,1,F,F,F,T,F,T,F,Y
1141,0,F,F,F,T,F,F,T,N
1142,0,F,F,F,T,F,F,T,N
1143,0,F,F,F,T,F,F,T,N
1144,0,F,F,F,T,F,F,T,N
1145,7,F,F,F,T,F,F,T,N
1146,0,F,F,F,T,F,F,T,N
1147,0,F,F,F,T,F,F,T,N
1148,1,F,F,F,T,F,F,T,N
1149,0,F,F,F,T,F,F,T,N
1150,1,F,F,F,T,F,F,T,N
1151,3,F,F,F,T,F,F,T,N
1152,0,F,F,F,T,F,F,T,N
1153,0,F,F,F,T,F,F,T,N
1154,0,F,F,F,T,F,F,T,N
1155,1,F,F,F,T,F,T,F,Y
1156,1,F,F,F,T,F,F,T,N
1157,0,F,F,F,T,F,F,T,N
1158,5,F,F,F,T,F,F,T,N
1159,14,F,F,F,T,F,T,F,Y
1161,4,F,F,F,T,F,F,T,N
1162,0,F,F,F,T,F,F,T,N
1163,2,F,F,F,T,F,F,T,N
1164,3,F,F,F,T,F,F,T,N
1165,6,F,F,F,T,F,F,T,N
1166,1,F,F,F,T,F,F,T,N
1167,5,F,F,F,T,F,F,T,N
1168,0,F,F,F,T,F,F,T,N
1169,0,F,F,F,T,F,F,T,N
1170,3,F,F,F,T,F,F,T,N
1171,4,F,F,F,T,F,F,T,N
1172,2,F,F,F,T,F,F,T,N
1173,5,F,F,F,T,F,F,T,N
1174,3,F,F,F,T,F,F,T,N
1175,0,F,F,F,T,F,F,T,N
1176,0,F,F,F,T,F,F,T,N
1178,1,F,F,F,T,F,F,T,N
1180,103,F,F,F,T,F,T,F,Y
1181,0,F,F,F,T,F,F,T,N
1182,2,F,F,F,T,F,F,T,N
1183,1,F,F,F,T,F,F,T,N
1184,0,F,F,F,T,F,F,T,N
1186,4,F,F,F,T,F,F,T,N
1187,0,F,F,F,T,F,F,T,N
1188,1,F,F,F,T,F,F,T,N
1189,1,F,F,F,T,F,F,T,N
1191,2,F,F,F,T,F,F,T,N
1195,4,F,F,F,T,F,F,T,N
1196,3,F,F,F,T,F,F,T,N
1197,3,F,F,F,T,F,F,T,N
1198,7,F,F,F,T,F,F,T,N
1199,5,F,F,F,T,F,F,T,N
1200,2,F,F,F,T,F,F,T,N
1201,2,F,F,F,T,F,F,T,N
1202,1,F,F,F,T,F,F,T,N
1203,3,F,F,F,T,F,F,T,N
1204,5,F,F,F,T,F,F,T,N
1205,1,F,F,F,T,F,F,T,N
1206,4,F,F,F,T,F,F,T,N
1208,3,F,F,F,T,F,F,T,N
1209,2,F,F,F,T,F,F,T,N
1210,3,F,F,F,T,F,F,T,N
1213,3,F,F,F,T,F,F,T,N
1214,3,F,F,F,T,F,F,T,N
1215,2,F,F,F,T,F,F,T,N
1216,1,F,F,F,T,F,F,T,N
1219,4,F,F,F,T,F,F,T,N
1220,1,F,F,F,T,F,F,T,N
1221,6,F,F,F,T,F,F,T,N
1223,1,F,F,F,T,F,F,T,N
1226,1,F,F,F,T,F,F,T,N
1228,3,F,F,F,T,F,F,T,N
1229,2,F,F,F,T,F,F,T,N
1230,2,F,F,F,T,F,F,T,N
1232,1,F,F,F,T,F,F,T,N
1233,1,F,F,F,T,F,F,T,N
1236,2,F,F,F,T,F,F,T,N
1237,3,F,F,F,T,F,F,T,N
1238,1,F,F,F,T,F,F,T,N
1239,1,F,F,F,T,F,F,T,N
1243,1,F,F,F,T,F,F,T,N
1245,1,F,F,F,T,F,F,T,N
1246,1,F,F,F,T,F,F,T,N
