,Q1,,q1,q2,q3,q4,setA,setB,SetN,Active,,,Set A,Set B
8,1,1,T,F,F,F,F,F,T,,N,N,44,43
18,3,1,T,F,F,F,F,F,T,,N,N,45,46
21,2,1,T,F,F,F,F,F,T,,N,N,48,47
24,4,1,T,F,F,F,F,F,T,,N,N,76,84
25,2,1,T,F,F,F,F,F,T,,N,N,103,102
26,4,1,T,F,F,F,F,F,T,,N,N,123,130
27,7,1,T,F,F,F,F,F,T,,N,N,128,139
28,9,1,T,F,F,F,F,F,T,,N,N,129,145
29,9,1,T,F,F,F,F,F,T,,N,N,138,172
30,19,1,T,F,F,F,F,F,T,,N,N,140,183
31,4,1,T,F,F,F,F,F,T,,N,N,144,188
32,2,1,T,F,F,F,F,F,T,,N,N,154,189
33,1,1,T,F,F,F,F,F,T,,N,N,158,190
34,2,1,T,F,F,F,F,F,T,,N,N,173,192
36,0,1,T,F,F,F,F,F,T,,N,N,175,194
43,4,1,T,F,F,F,F,T,F,,N,N,179,199
44,24,1,T,F,F,F,T,F,F,,Y,N,184,205
45,23,1,T,F,F,F,T,F,F,,Y,N,191,207
46,5,1,T,F,F,F,F,T,F,,N,N,193,209
47,2,1,T,F,F,F,F,T,F,,N,N,195,212
48,38,1,T,F,F,F,T,F,F,,Y,N,197,213
49,4,1,T,F,F,F,F,F,T,,N,N,201,217
50,2,1,T,F,F,F,F,F,T,,N,N,204,220
56,2,1,T,F,F,F,F,F,T,,N,N,208,254
57,7,1,T,F,F,F,F,F,T,,N,N,216,255
58,5,1,T,F,F,F,F,F,T,,N,N,224,257
59,2,1,T,F,F,F,F,F,T,,N,N,229,307
60,2,1,T,F,F,F,F,F,T,,N,N,230,334
63,0,1,T,F,F,F,F,F,T,,N,N,253,337
64,1,1,T,F,F,F,F,F,T,,N,N,309,341
65,1,1,T,F,F,F,F,F,T,,N,N,314,342
66,1,1,T,F,F,F,F,F,T,,N,N,316,343
68,3,1,T,F,F,F,F,F,T,,N,N,321,349
69,1,1,T,F,F,F,F,F,T,,N,N,326,352
70,3,1,T,F,F,F,F,F,T,,N,N,328,359
71,11,1,T,F,F,F,F,F,T,,N,N,333,360
76,70,1,T,F,F,F,T,F,F,,Y,N,338,361
84,15,1,T,F,F,F,F,T,F,,N,N,345,370
102,24,1,T,F,F,F,F,T,F,,N,N,347,372
103,57,1,T,F,F,F,T,F,F,,Y,N,355,375
105,46,1,T,F,F,F,F,F,T,,N,N,357,382
107,1,1,T,F,F,F,F,F,T,,N,N,358,393
123,10,1,T,F,F,F,T,F,F,,Y,N,369,399
124,5,1,T,F,F,F,F,F,T,,N,N,374,404
125,3,1,T,F,F,F,F,F,T,,N,N,376,405
128,50,1,T,F,F,F,T,F,F,,Y,N,377,410
129,43,1,T,F,F,F,T,F,F,,Y,N,378,413
130,6,1,T,F,F,F,F,T,F,,N,N,384,417
132,11,1,T,F,F,F,F,F,T,,N,N,386,422
133,16,1,T,F,F,F,F,F,T,,N,N,403,426
134,2,1,T,F,F,F,F,F,T,,N,N,416,445
135,0,1,T,F,F,F,F,F,T,,N,N,418,459
136,55,1,T,F,F,F,F,F,T,,N,N,419,465
137,2,1,T,F,F,F,F,F,T,,N,N,420,466
138,30,1,T,F,F,F,T,F,F,,Y,N,425,469
139,0,1,T,F,F,F,F,T,F,,N,N,428,511
140,39,1,T,F,F,F,T,F,F,,Y,N,438,530
141,0,1,T,F,F,F,F,F,T,,N,N,447,533
144,14,1,T,F,F,F,T,F,F,,Y,N,448,551
145,11,1,T,F,F,F,F,T,F,,N,N,451,552
146,1,1,T,F,F,F,F,F,T,,N,N,452,554
147,3,1,T,F,F,F,F,F,T,,N,N,454,559
148,0,1,T,F,F,F,F,F,T,,N,N,467,560
151,6,1,T,F,F,F,F,F,T,,N,N,468,562
152,0,1,T,F,F,F,F,F,T,,N,N,529,566
154,24,1,T,F,F,F,T,F,F,,Y,N,553,580
156,0,1,T,F,F,F,F,F,T,,N,N,561,582
158,64,1,T,F,F,F,T,F,F,,Y,N,565,584
161,1,1,T,F,F,F,F,F,T,,N,N,581,587
162,1,1,T,F,F,F,F,F,T,,N,N,583,616
167,0,1,T,F,F,F,F,F,T,,N,N,588,623
170,1,1,T,F,F,F,F,F,T,,N,N,607,624
171,2,1,T,F,F,F,F,F,T,,N,N,609,628
172,10,1,T,F,F,F,F,T,F,,N,N,620,632
173,28,1,T,F,F,F,T,F,F,,Y,N,622,640
175,27,1,T,F,F,F,T,F,F,,Y,N,625,649
176,2,1,T,F,F,F,F,F,T,,N,N,633,656
177,3,1,T,F,F,F,F,F,T,,N,N,635,659
178,9,1,T,F,F,F,F,F,T,,N,N,644,664
179,8,1,T,F,F,F,T,F,F,,Y,N,647,666
180,1,1,T,F,F,F,F,F,T,,N,N,654,673
181,2,1,T,F,F,F,F,F,T,,N,N,663,681
182,1,1,T,F,F,F,F,F,T,,N,N,665,703
183,12,1,T,F,F,F,F,T,F,,N,N,670,705
184,71,1,T,F,F,F,T,F,F,,Y,N,679,708
188,15,1,T,F,F,F,F,T,F,,N,N,684,717
189,12,1,T,F,F,F,F,T,F,,N,N,693,718
190,16,1,T,F,F,F,F,T,F,,N,N,702,723
191,8,1,T,F,F,F,T,F,F,,Y,N,704,727
192,9,1,T,F,F,F,F,T,F,,N,N,706,732
193,21,1,T,F,F,F,T,F,F,,Y,N,710,733
194,23,1,T,F,F,F,F,T,F,,N,N,715,761
195,6,1,T,F,F,F,T,F,F,,Y,N,719,776
197,8,1,T,F,F,F,T,F,F,,Y,N,720,787
198,3,1,T,F,F,F,F,F,T,,N,N,724,789
199,15,1,T,F,F,F,F,T,F,,N,N,726,792
200,10,1,T,F,F,F,F,F,T,,N,N,741,794
201,37,1,T,F,F,F,T,F,F,,Y,N,745,802
204,51,1,T,F,F,F,T,F,F,,Y,N,774,803
205,5,1,T,F,F,F,F,T,F,,N,N,786,817
207,0,1,T,F,F,F,F,T,F,,N,N,791,835
208,45,1,T,F,F,F,T,F,F,,Y,N,793,837
209,5,1,T,F,F,F,F,T,F,,N,N,801,838
212,7,1,T,F,F,F,F,T,F,,N,N,816,845
213,25,1,T,F,F,F,F,T,F,,N,N,818,846
214,0,1,T,F,F,F,F,F,T,,N,N,819,848
215,0,1,T,F,F,F,F,F,T,,N,N,822,857
216,54,1,T,F,F,F,T,F,F,,Y,N,839,859
217,9,1,T,F,F,F,F,T,F,,N,N,842,860
220,5,1,T,F,F,F,F,T,F,,N,N,847,861
224,14,1,T,F,F,F,T,F,F,,Y,N,851,862
225,1,1,T,F,F,F,F,F,T,,N,N,853,865
226,0,1,T,F,F,F,F,F,T,,N,N,856,866
227,0,1,T,F,F,F,F,F,T,,N,N,858,867
228,4,1,T,F,F,F,F,F,T,,N,N,863,877
229,58,1,T,F,F,F,T,F,F,,Y,N,875,878
230,16,1,T,F,F,F,T,F,F,,Y,N,876,880
231,3,1,T,F,F,F,F,F,T,,N,N,895,894
253,18,1,T,F,F,F,T,F,F,,Y,N,897,896
254,4,1,T,F,F,F,F,T,F,,N,N,900,898
257,3,1,T,F,F,F,F,T,F,,N,N,905,899
287,0,1,T,F,F,F,F,F,T,,N,N,910,901
290,0,1,T,F,F,F,F,F,T,,N,N,918,906
291,0,1,T,F,F,F,F,F,T,,N,N,920,907
292,0,1,T,F,F,F,F,F,T,,N,N,922,917
293,0,1,T,F,F,F,F,F,T,,N,N,923,924
294,0,1,T,F,F,F,F,F,T,,N,N,925,928
295,0,1,T,F,F,F,F,F,T,,N,N,926,932
296,0,1,T,F,F,F,F,F,T,,N,N,927,934
297,0,1,T,F,F,F,F,F,T,,N,N,929,937
298,0,1,T,F,F,F,F,F,T,,N,N,931,939
299,0,1,T,F,F,F,F,F,T,,N,N,933,947
300,0,1,T,F,F,F,F,F,T,,N,N,936,948
301,0,1,T,F,F,F,F,F,T,,N,N,940,949
302,1,1,T,F,F,F,F,F,T,,N,N,941,951
307,4,1,T,F,F,F,F,T,F,,N,N,942,952
309,22,1,T,F,F,F,T,F,F,,Y,N,943,953
310,0,1,T,F,F,F,F,F,T,,N,N,944,954
311,1,1,T,F,F,F,F,F,T,,N,N,957,956
312,8,1,T,F,F,F,F,F,T,,N,N,958,967
313,13,1,T,F,F,F,F,F,T,,N,N,959,968
314,16,1,T,F,F,F,T,F,F,,Y,N,961,969
315,0,1,T,F,F,F,F,F,T,,N,N,962,971
316,11,1,T,F,F,F,T,F,F,,Y,N,963,972
317,10,1,T,F,F,F,F,F,T,,N,N,964,973
318,12,1,T,F,F,F,F,F,T,,N,N,966,974
320,54,1,T,F,F,F,F,F,T,,N,N,977,975
321,218,1,T,F,F,F,T,F,F,,Y,N,978,982
322,11,1,T,F,F,F,F,F,T,,N,N,979,983
326,45,1,T,F,F,F,T,F,F,,Y,N,981,984
327,0,1,T,F,F,F,F,F,T,,N,N,987,986
328,67,1,T,F,F,F,T,F,F,,Y,N,988,1008
330,0,1,T,F,F,F,F,F,T,,N,N,989,1009
332,0,1,T,F,F,F,F,F,T,,N,N,991,1012
333,17,1,T,F,F,F,T,F,F,,Y,N,1004,1013
334,8,1,T,F,F,F,F,T,F,,N,N,1007,1015
336,0,1,T,F,F,F,F,F,T,,N,N,1010,1025
337,4,1,T,F,F,F,F,T,F,,N,N,1011,1027
338,46,1,T,F,F,F,T,F,F,,Y,N,1014,1029
341,18,1,T,F,F,F,F,T,F,,N,N,1016,1031
342,13,1,T,F,F,F,F,T,F,,N,N,1026,1032
343,30,1,T,F,F,F,F,T,F,,N,N,1030,1036
345,14,1,T,F,F,F,T,F,F,,Y,N,1034,1037
346,8,1,T,F,F,F,F,F,T,,N,N,1039,1038
347,15,1,T,F,F,F,T,F,F,,Y,N,1040,1043
349,29,1,T,F,F,F,F,T,F,,N,N,1041,1047
350,0,1,T,F,F,F,F,F,T,,N,N,1042,1051
351,1,1,T,F,F,F,F,F,T,,N,N,1044,1052
352,16,1,T,F,F,F,F,T,F,,N,N,,1056
353,5,1,T,F,F,F,F,F,T,,N,N,,1061
355,33,1,T,F,F,F,T,F,F,,Y,N,,1068
357,16,1,T,F,F,F,T,F,F,,Y,N,,1069
358,46,1,T,F,F,F,T,F,F,,Y,N,,1072
359,12,1,T,F,F,F,F,T,F,,N,N,,1074
360,10,1,T,F,F,F,F,T,F,,N,N,,1075
361,3,1,T,F,F,F,F,T,F,,N,N,,1085
362,0,1,T,F,F,F,F,F,T,,N,N,,1087
363,1,1,T,F,F,F,F,F,T,,N,N,,1089
369,42,1,T,F,F,F,T,F,F,,Y,N,,1092
370,0,1,T,F,F,F,F,T,F,,N,N,,1094
372,10,1,T,F,F,F,F,T,F,,N,N,,1096
374,45,1,T,F,F,F,T,F,F,,Y,N,,1101
375,48,1,T,F,F,F,F,T,F,,N,N,,1109
376,7,1,T,F,F,F,T,F,F,,Y,N,,1111
377,9,1,T,F,F,F,T,F,F,,Y,N,,1113
379,21,1,T,F,F,F,F,F,T,,N,N,,1115
382,85,1,T,F,F,F,F,T,F,,N,N,,1116
384,56,1,T,F,F,F,T,F,F,,Y,N,,1118
386,34,1,T,F,F,F,T,F,F,,Y,N,,1119
387,0,1,T,F,F,F,F,F,T,,N,N,,1126
393,8,1,T,F,F,F,F,T,F,,N,N,,1129
399,9,1,T,F,F,F,F,T,F,,N,N,,1131
400,1,1,T,F,F,F,F,F,T,,N,N,,1136
402,8,1,T,F,F,F,F,F,T,,N,N,,1139
403,90,1,T,F,F,F,T,F,F,,Y,N,,1140
404,30,1,T,F,F,F,F,T,F,,N,N,,1155
405,14,1,T,F,F,F,F,T,F,,N,N,,1159
406,4,1,T,F,F,F,F,F,T,,N,N,,1180
409,0,1,T,F,F,F,F,F,T,,N,N,,
410,10,1,T,F,F,F,F,T,F,,N,N,,
411,7,1,T,F,F,F,F,F,T,,N,N,,
413,3,1,T,F,F,F,F,T,F,,N,N,,
414,7,1,T,F,F,F,F,F,T,,N,N,,
416,4,1,T,F,F,F,T,F,F,,Y,N,,
417,11,1,T,F,F,F,F,T,F,,N,N,,
418,81,1,T,F,F,F,T,F,F,,Y,N,,
419,26,1,T,F,F,F,T,F,F,,Y,N,,
420,191,1,T,F,F,F,T,F,F,,Y,N,,
421,8,1,T,F,F,F,F,F,T,,N,N,,
422,6,1,T,F,F,F,F,T,F,,N,N,,
424,5,1,T,F,F,F,F,F,T,,N,N,,
425,17,1,T,F,F,F,T,F,F,,Y,N,,
426,8,1,T,F,F,F,F,T,F,,N,N,,
427,0,1,T,F,F,F,F,F,T,,N,N,,
428,5,1,T,F,F,F,T,F,F,,Y,N,,
431,2,1,T,F,F,F,F,F,T,,N,N,,
435,2,1,T,F,F,F,F,F,T,,N,N,,
436,1,1,T,F,F,F,F,F,T,,N,N,,
437,1,1,T,F,F,F,F,F,T,,N,N,,
438,33,1,T,F,F,F,T,F,F,,Y,N,,
439,0,1,T,F,F,F,F,F,T,,N,N,,
440,0,1,T,F,F,F,F,F,T,,N,N,,
441,0,1,T,F,F,F,F,F,T,,N,N,,
442,2,1,T,F,F,F,F,F,T,,N,N,,
443,1,1,T,F,F,F,F,F,T,,N,N,,
445,13,1,T,F,F,F,F,T,F,,N,N,,
446,13,1,T,F,F,F,F,F,T,,N,N,,
447,56,1,T,F,F,F,T,F,F,,Y,N,,
448,12,1,T,F,F,F,T,F,F,,Y,N,,
449,2,1,T,F,F,F,F,F,T,,N,N,,
450,20,1,T,F,F,F,F,F,T,,N,N,,
451,18,1,T,F,F,F,T,F,F,,Y,N,,
452,37,1,T,F,F,F,T,F,F,,Y,N,,
453,3,1,T,F,F,F,F,F,T,,N,N,,
454,42,1,T,F,F,F,T,F,F,,Y,N,,
455,3,1,T,F,F,F,F,F,T,,N,N,,
456,1,1,T,F,F,F,F,F,T,,N,N,,
459,16,1,T,F,F,F,F,T,F,,N,N,,
465,5,1,T,F,F,F,F,T,F,,N,N,,
466,19,1,T,F,F,F,F,T,F,,N,N,,
467,2,1,T,F,F,F,T,F,F,,Y,N,,
468,6,1,T,F,F,F,T,F,F,,Y,N,,
469,15,1,T,F,F,F,F,T,F,,N,N,,
483,0,1,T,F,F,F,F,F,T,,N,N,,
484,15,1,T,F,F,F,F,F,T,,N,N,,
508,2,1,T,F,F,F,F,F,T,,N,N,,
511,4,1,T,F,F,F,F,T,F,,N,N,,
529,38,1,T,F,F,F,T,F,F,,Y,N,,
531,3,1,T,F,F,F,F,F,T,,N,N,,
532,1,1,T,F,F,F,F,F,T,,N,N,,
533,7,1,T,F,F,F,F,T,F,,N,N,,
534,9,1,T,F,F,F,F,F,T,,N,N,,
535,1,1,T,F,F,F,F,F,T,,N,N,,
540,1,1,T,F,F,F,F,F,T,,N,N,,
541,2,1,T,F,F,F,F,F,T,,N,N,,
547,3,1,T,F,F,F,F,F,T,,N,N,,
548,6,1,T,F,F,F,F,F,T,,N,N,,
549,1,1,T,F,F,F,F,F,T,,N,N,,
551,1,1,T,F,F,F,F,T,F,,N,N,,
552,2,1,T,F,F,F,F,T,F,,N,N,,
553,23,1,T,F,F,F,T,F,F,,Y,N,,
554,27,1,T,F,F,F,F,T,F,,N,N,,
555,17,1,T,F,F,F,F,F,T,,N,N,,
556,40,1,T,F,F,F,F,F,T,,N,N,,
557,1,1,T,F,F,F,F,F,T,,N,N,,
558,3,1,T,F,F,F,F,F,T,,N,N,,
559,3,1,T,F,F,F,F,T,F,,N,N,,
560,5,1,T,F,F,F,F,T,F,,N,N,,
561,12,1,T,F,F,F,T,F,F,,Y,N,,
562,5,1,T,F,F,F,F,T,F,,N,N,,
565,30,1,T,F,F,F,T,F,F,,Y,N,,
566,276,1,T,F,F,F,F,T,F,,N,N,,
568,1,1,T,F,F,F,F,F,T,,N,N,,
577,1,1,T,F,F,F,F,F,T,,N,N,,
579,0,1,T,F,F,F,F,F,T,,N,N,,
580,27,1,T,F,F,F,F,T,F,,N,N,,
581,5,1,T,F,F,F,T,F,F,,Y,N,,
582,15,1,T,F,F,F,F,T,F,,N,N,,
583,69,1,T,F,F,F,T,F,F,,Y,N,,
584,9,1,T,F,F,F,F,T,F,,N,N,,
586,2,1,T,F,F,F,F,F,T,,N,N,,
587,5,1,T,F,F,F,F,T,F,,N,N,,
588,104,1,T,F,F,F,T,F,F,,Y,N,,
607,10,1,T,F,F,F,T,F,F,,Y,N,,
608,1,1,T,F,F,F,F,F,T,,N,N,,
609,8,1,T,F,F,F,T,F,F,,Y,N,,
616,4,1,T,F,F,F,F,T,F,,N,N,,
620,112,1,T,F,F,F,T,F,F,,Y,N,,
622,54,1,T,F,F,F,T,F,F,,Y,N,,
623,8,1,T,F,F,F,F,T,F,,N,N,,
624,15,1,T,F,F,F,F,T,F,,N,N,,
625,23,1,T,F,F,F,T,F,F,,Y,N,,
628,4,1,T,F,F,F,F,T,F,,N,N,,
629,11,1,T,F,F,F,F,F,T,,N,N,,
631,0,1,T,F,F,F,F,F,T,,N,N,,
632,1,1,T,F,F,F,F,T,F,,N,N,,
633,9,1,T,F,F,F,T,F,F,,Y,N,,
634,2,1,T,F,F,F,F,F,T,,N,N,,
635,13,1,T,F,F,F,T,F,F,,Y,N,,
636,5,1,T,F,F,F,F,F,T,,N,N,,
637,169,1,T,F,F,F,F,F,T,,N,N,,
638,6,1,T,F,F,F,F,F,T,,N,N,,
639,7,1,T,F,F,F,F,F,T,,N,N,,
640,1,1,T,F,F,F,F,T,F,,N,N,,
644,7,1,T,F,F,F,T,F,F,,Y,N,,
646,1,1,T,F,F,F,F,F,T,,N,N,,
647,40,1,T,F,F,F,T,F,F,,Y,N,,
649,18,1,T,F,F,F,F,T,F,,N,N,,
650,0,1,T,F,F,F,F,F,T,,N,N,,
651,2,1,T,F,F,F,F,F,T,,N,N,,
653,15,1,T,F,F,F,F,F,T,,N,N,,
654,28,1,T,F,F,F,T,F,F,,Y,N,,
656,31,1,T,F,F,F,F,T,F,,N,N,,
657,0,1,T,F,F,F,F,F,T,,N,N,,
659,15,1,T,F,F,F,F,T,F,,N,N,,
663,4,1,T,F,F,F,T,F,F,,Y,N,,
664,5,1,T,F,F,F,F,T,F,,N,N,,
665,12,1,T,F,F,F,T,F,F,,Y,N,,
666,18,1,T,F,F,F,F,T,F,,N,N,,
668,8,1,T,F,F,F,F,F,T,,N,N,,
670,16,1,T,F,F,F,T,F,F,,Y,N,,
673,2,1,T,F,F,F,F,T,F,,N,N,,
675,0,1,T,F,F,F,F,F,T,,N,N,,
678,1,1,T,F,F,F,F,F,T,,N,N,,
679,29,1,T,F,F,F,T,F,F,,Y,N,,
680,3,1,T,F,F,F,F,F,T,,N,N,,
681,5,1,T,F,F,F,F,T,F,,N,N,,
682,2,1,T,F,F,F,F,F,T,,N,N,,
683,4,1,T,F,F,F,F,F,T,,N,N,,
684,53,1,T,F,F,F,T,F,F,,Y,N,,
686,1,1,T,F,F,F,F,F,T,,N,N,,
688,3,1,T,F,F,F,F,F,T,,N,N,,
689,4,1,T,F,F,F,F,F,T,,N,N,,
690,1,1,T,F,F,F,F,F,T,,N,N,,
691,1,1,T,F,F,F,F,F,T,,N,N,,
692,2,1,T,F,F,F,F,F,T,,N,N,,
693,1,1,T,F,F,F,T,F,F,,Y,N,,
694,6,1,T,F,F,F,F,F,T,,N,N,,
696,7,1,T,F,F,F,F,F,T,,N,N,,
697,9,1,T,F,F,F,F,F,T,,N,N,,
701,2,1,T,F,F,F,F,F,T,,N,N,,
702,88,1,T,F,F,F,T,F,F,,Y,N,,
703,2,1,T,F,F,F,F,T,F,,N,N,,
704,22,1,T,F,F,F,T,F,F,,Y,N,,
705,9,1,T,F,F,F,F,T,F,,N,N,,
706,81,1,T,F,F,F,T,F,F,,Y,N,,
708,10,1,T,F,F,F,F,T,F,,N,N,,
709,1,1,T,F,F,F,F,F,T,,N,N,,
710,47,1,T,F,F,F,T,F,F,,Y,N,,
711,14,1,T,F,F,F,F,F,T,,N,N,,
712,1,1,T,F,F,F,F,F,T,,N,N,,
714,4,1,T,F,F,F,F,F,T,,N,N,,
715,29,1,T,F,F,F,T,F,F,,Y,N,,
717,32,1,T,F,F,F,F,T,F,,N,N,,
718,18,1,T,F,F,F,F,T,F,,N,N,,
719,12,1,T,F,F,F,T,F,F,,Y,N,,
720,47,1,T,F,F,F,T,F,F,,Y,N,,
721,9,1,T,F,F,F,F,F,T,,N,N,,
722,2,1,T,F,F,F,F,F,T,,N,N,,
723,3,1,T,F,F,F,F,T,F,,N,N,,
724,26,1,T,F,F,F,T,F,F,,Y,N,,
725,3,1,T,F,F,F,F,F,T,,N,N,,
726,31,1,T,F,F,F,T,F,F,,Y,N,,
727,26,1,T,F,F,F,F,T,F,,N,N,,
729,8,1,T,F,F,F,F,F,T,,N,N,,
731,9,1,T,F,F,F,F,F,T,,N,N,,
732,13,1,T,F,F,F,F,T,F,,N,N,,
733,19,1,T,F,F,F,F,T,F,,N,N,,
734,2,1,T,F,F,F,F,F,T,,N,N,,
736,1,1,T,F,F,F,F,F,T,,N,N,,
740,4,1,T,F,F,F,F,F,T,,N,N,,
741,19,1,T,F,F,F,T,F,F,,Y,N,,
742,8,1,T,F,F,F,F,F,T,,N,N,,
743,1,1,T,F,F,F,F,F,T,,N,N,,
744,2,1,T,F,F,F,F,F,T,,N,N,,
745,15,1,T,F,F,F,T,F,F,,Y,N,,
746,1,1,T,F,F,F,F,F,T,,N,N,,
748,24,1,T,F,F,F,F,F,T,,N,N,,
749,9,1,T,F,F,F,F,F,T,,N,N,,
753,1,1,T,F,F,F,F,F,T,,N,N,,
755,9,1,T,F,F,F,F,F,T,,N,N,,
756,2,1,T,F,F,F,F,F,T,,N,N,,
757,7,1,T,F,F,F,F,F,T,,N,N,,
759,0,1,T,F,F,F,F,F,T,,N,N,,
760,6,1,T,F,F,F,F,F,T,,N,N,,
761,4,1,T,F,F,F,F,T,F,,N,N,,
762,6,1,T,F,F,F,F,F,T,,N,N,,
768,16,1,T,F,F,F,F,F,T,,N,N,,
769,6,1,T,F,F,F,F,F,T,,N,N,,
770,2,1,T,F,F,F,F,F,T,,N,N,,
771,18,1,T,F,F,F,F,F,T,,N,N,,
772,10,1,T,F,F,F,F,F,T,,N,N,,
773,0,1,T,F,F,F,F,F,T,,N,N,,
774,45,1,T,F,F,F,T,F,F,,Y,N,,
776,27,1,T,F,F,F,F,T,F,,N,N,,
777,10,1,T,F,F,F,F,F,T,,N,N,,
778,7,1,T,F,F,F,F,F,T,,N,N,,
779,0,1,T,F,F,F,F,F,T,,N,N,,
782,1,1,T,F,F,F,F,F,T,,N,N,,
783,1,1,T,F,F,F,F,F,T,,N,N,,
786,11,1,T,F,F,F,T,F,F,,Y,N,,
787,5,1,T,F,F,F,F,T,F,,N,N,,
788,1,1,T,F,F,F,F,F,T,,N,N,,
789,9,1,T,F,F,F,F,T,F,,N,N,,
790,1,1,T,F,F,F,F,F,T,,N,N,,
791,50,1,T,F,F,F,T,F,F,,Y,N,,
792,8,1,T,F,F,F,F,T,F,,N,N,,
793,8,1,T,F,F,F,T,F,F,,Y,N,,
794,7,1,T,F,F,F,F,T,F,,N,N,,
795,2,1,T,F,F,F,F,F,T,,N,N,,
796,0,1,T,F,F,F,F,F,T,,N,N,,
798,1,1,T,F,F,F,F,F,T,,N,N,,
799,9,1,T,F,F,F,F,F,T,,N,N,,
801,50,1,T,F,F,F,T,F,F,,Y,N,,
802,5,1,T,F,F,F,F,T,F,,N,N,,
803,11,1,T,F,F,F,F,T,F,,N,N,,
804,8,1,T,F,F,F,F,F,T,,N,N,,
805,0,1,T,F,F,F,F,F,T,,N,N,,
806,8,1,T,F,F,F,F,F,T,,N,N,,
809,1,1,T,F,F,F,F,F,T,,N,N,,
812,74,1,T,F,F,F,F,F,T,,N,N,,
813,29,1,T,F,F,F,F,F,T,,N,N,,
816,17,1,T,F,F,F,T,F,F,,Y,N,,
817,8,1,T,F,F,F,F,T,F,,N,N,,
818,24,1,T,F,F,F,T,F,F,,Y,N,,
819,21,1,T,F,F,F,T,F,F,,Y,N,,
820,2,1,T,F,F,F,F,F,T,,N,N,,
821,3,1,T,F,F,F,F,F,T,,N,N,,
822,49,1,T,F,F,F,T,F,F,,Y,N,,
823,1,1,T,F,F,F,F,F,T,,N,N,,
824,4,1,T,F,F,F,F,F,T,,N,N,,
825,4,1,T,F,F,F,F,F,T,,N,N,,
826,2,1,T,F,F,F,F,F,T,,N,N,,
827,17,1,T,F,F,F,F,F,T,,N,N,,
835,7,1,T,F,F,F,F,T,F,,N,N,,
837,23,1,T,F,F,F,F,T,F,,N,N,,
838,10,1,T,F,F,F,F,T,F,,N,N,,
839,12,1,T,F,F,F,T,F,F,,Y,N,,
841,7,1,T,F,F,F,F,F,T,,N,N,,
842,90,1,T,F,F,F,T,F,F,,Y,N,,
844,1,1,T,F,F,F,F,F,T,,N,N,,
845,4,1,T,F,F,F,F,T,F,,N,N,,
846,0,1,T,F,F,F,F,T,F,,N,N,,
847,1,1,T,F,F,F,T,F,F,,Y,N,,
848,3,1,T,F,F,F,F,T,F,,N,N,,
850,5,1,T,F,F,F,F,F,T,,N,N,,
851,16,1,T,F,F,F,T,F,F,,Y,N,,
853,238,1,T,F,F,F,T,F,F,,Y,N,,
856,53,1,T,F,F,F,T,F,F,,Y,N,,
857,2,1,T,F,F,F,F,T,F,,N,N,,
858,20,1,T,F,F,F,T,F,F,,Y,N,,
859,4,1,T,F,F,F,F,T,F,,N,N,,
860,8,1,T,F,F,F,F,T,F,,N,N,,
861,9,1,T,F,F,F,F,T,F,,N,N,,
862,1,1,T,F,F,F,F,T,F,,N,N,,
863,44,1,T,F,F,F,T,F,F,,Y,N,,
864,0,1,T,F,F,F,F,F,T,,N,N,,
865,10,1,T,F,F,F,F,T,F,,N,N,,
866,9,1,T,F,F,F,F,T,F,,N,N,,
867,15,1,T,F,F,F,F,T,F,,N,N,,
868,1,1,T,F,F,F,F,F,T,,N,N,,
869,0,1,T,F,F,F,F,F,T,,N,N,,
871,0,1,T,F,F,F,F,F,T,,N,N,,
872,0,1,T,F,F,F,F,F,T,,N,N,,
873,0,1,T,F,F,F,F,F,T,,N,N,,
875,20,1,T,F,F,F,T,F,F,,Y,N,,
876,27,1,T,F,F,F,T,F,F,,Y,N,,
877,2,1,T,F,F,F,F,T,F,,N,N,,
878,1,1,T,F,F,F,F,T,F,,N,N,,
879,1,1,T,F,F,F,F,F,T,,N,N,,
880,13,1,T,F,F,F,F,T,F,,N,N,,
882,1,1,T,F,F,F,F,F,T,,N,N,,
883,0,1,T,F,F,F,F,F,T,,N,N,,
884,0,1,T,F,F,F,F,F,T,,N,N,,
885,1,1,T,F,F,F,F,F,T,,N,N,,
887,0,1,T,F,F,F,F,F,T,,N,N,,
888,0,1,T,F,F,F,F,F,T,,N,N,,
892,2,1,T,F,F,F,F,F,T,,N,N,,
894,11,1,T,F,F,F,F,T,F,,N,N,,
895,15,1,T,F,F,F,T,F,F,,Y,N,,
896,3,1,T,F,F,F,F,T,F,,N,N,,
897,132,1,T,F,F,F,T,F,F,,Y,N,,
898,21,1,T,F,F,F,F,T,F,,N,N,,
899,42,1,T,F,F,F,F,T,F,,N,N,,
900,24,1,T,F,F,F,T,F,F,,Y,N,,
901,13,1,T,F,F,F,F,T,F,,N,N,,
902,20,1,T,F,F,F,F,F,T,,N,N,,
905,68,1,T,F,F,F,T,F,F,,Y,N,,
906,11,1,T,F,F,F,F,T,F,,N,N,,
907,13,1,T,F,F,F,F,T,F,,N,N,,
908,58,1,T,F,F,F,F,F,T,,N,N,,
909,8,1,T,F,F,F,F,F,T,,N,N,,
910,24,1,T,F,F,F,T,F,F,,Y,N,,
912,2,1,T,F,F,F,F,F,T,,N,N,,
913,1,1,T,F,F,F,F,F,T,,N,N,,
914,2,1,T,F,F,F,F,F,T,,N,N,,
915,2,1,T,F,F,F,F,F,T,,N,N,,
916,5,1,T,F,F,F,F,F,T,,N,N,,
917,29,1,T,F,F,F,F,T,F,,N,N,,
918,174,1,T,F,F,F,T,F,F,,Y,N,,
919,1,1,T,F,F,F,F,F,T,,N,N,,
920,59,1,T,F,F,F,T,F,F,,Y,N,,
921,1,1,T,F,F,F,F,F,T,,N,N,,
922,72,1,T,F,F,F,T,F,F,,Y,N,,
923,38,1,T,F,F,F,T,F,F,,Y,N,,
924,4,1,T,F,F,F,F,T,F,,N,N,,
925,166,1,T,F,F,F,T,F,F,,Y,N,,
926,45,1,T,F,F,F,T,F,F,,Y,N,,
927,62,1,T,F,F,F,T,F,F,,Y,N,,
928,0,1,T,F,F,F,F,T,F,,N,N,,
929,11,1,T,F,F,F,T,F,F,,Y,N,,
931,14,1,T,F,F,F,T,F,F,,Y,N,,
932,6,1,T,F,F,F,F,T,F,,N,N,,
933,15,1,T,F,F,F,T,F,F,,Y,N,,
934,14,1,T,F,F,F,F,T,F,,N,N,,
935,5,1,T,F,F,F,F,F,T,,N,N,,
936,27,1,T,F,F,F,T,F,F,,Y,N,,
937,14,1,T,F,F,F,F,T,F,,N,N,,
938,15,1,T,F,F,F,F,F,T,,N,N,,
939,2,1,T,F,F,F,F,T,F,,N,N,,
940,86,1,T,F,F,F,T,F,F,,Y,N,,
941,1,1,T,F,F,F,T,F,F,,Y,N,,
942,15,1,T,F,F,F,T,F,F,,Y,N,,
943,5,1,T,F,F,F,T,F,F,,Y,N,,
944,8,1,T,F,F,F,T,F,F,,Y,N,,
946,1,1,T,F,F,F,F,F,T,,N,N,,
947,42,1,T,F,F,F,F,T,F,,N,N,,
948,12,1,T,F,F,F,F,T,F,,N,N,,
949,8,1,T,F,F,F,F,T,F,,N,N,,
951,0,1,T,F,F,F,F,T,F,,N,N,,
952,28,1,T,F,F,F,F,T,F,,N,N,,
953,0,1,T,F,F,F,F,T,F,,N,N,,
954,0,1,T,F,F,F,F,T,F,,N,N,,
956,0,1,T,F,F,F,F,T,F,,N,N,,
957,98,1,T,F,F,F,T,F,F,,Y,N,,
958,43,1,T,F,F,F,T,F,F,,Y,N,,
959,22,1,T,F,F,F,T,F,F,,Y,N,,
961,11,1,T,F,F,F,T,F,F,,Y,N,,
962,73,1,T,F,F,F,T,F,F,,Y,N,,
963,34,1,T,F,F,F,T,F,F,,Y,N,,
964,22,1,T,F,F,F,T,F,F,,Y,N,,
966,8,1,T,F,F,F,T,F,F,,Y,N,,
967,19,1,T,F,F,F,F,T,F,,N,N,,
968,2,1,T,F,F,F,F,T,F,,N,N,,
969,0,1,T,F,F,F,F,T,F,,N,N,,
971,0,1,T,F,F,F,F,T,F,,N,N,,
972,43,1,T,F,F,F,F,T,F,,N,N,,
973,2,1,T,F,F,F,F,T,F,,N,N,,
974,1,1,T,F,F,F,F,T,F,,N,N,,
975,0,1,T,F,F,F,F,T,F,,N,N,,
977,108,1,T,F,F,F,T,F,F,,Y,N,,
978,55,1,T,F,F,F,T,F,F,,Y,N,,
979,23,1,T,F,F,F,T,F,F,,Y,N,,
981,4,1,T,F,F,F,T,F,F,,Y,N,,
982,62,1,T,F,F,F,F,T,F,,N,N,,
983,7,1,T,F,F,F,F,T,F,,N,N,,
984,0,1,T,F,F,F,F,T,F,,N,N,,
986,0,1,T,F,F,F,F,T,F,,N,N,,
987,95,1,T,F,F,F,T,F,F,,Y,N,,
988,25,1,T,F,F,F,T,F,F,,Y,N,,
989,20,1,T,F,F,F,T,F,F,,Y,N,,
991,6,1,T,F,F,F,T,F,F,,Y,N,,
992,5,1,T,F,F,F,F,F,T,,N,N,,
993,0,1,T,F,F,F,F,F,T,,N,N,,
994,1,1,T,F,F,F,F,F,T,,N,N,,
995,1,1,T,F,F,F,F,F,T,,N,N,,
996,2,1,T,F,F,F,F,F,T,,N,N,,
997,2,1,T,F,F,F,F,F,T,,N,N,,
998,0,1,T,F,F,F,F,F,T,,N,N,,
999,2,1,T,F,F,F,F,F,T,,N,N,,
1001,8,1,T,F,F,F,F,F,T,,N,N,,
1002,5,1,T,F,F,F,F,F,T,,N,N,,
1003,2,1,T,F,F,F,F,F,T,,N,N,,
1004,179,1,T,F,F,F,T,F,F,,Y,N,,
1006,4,1,T,F,F,F,F,F,T,,N,N,,
1007,3,1,T,F,F,F,T,F,F,,Y,N,,
1008,0,1,T,F,F,F,F,T,F,,N,N,,
1009,0,1,T,F,F,F,F,T,F,,N,N,,
1010,3,1,T,F,F,F,T,F,F,,Y,N,,
1011,4,1,T,F,F,F,T,F,F,,Y,N,,
1012,0,1,T,F,F,F,F,T,F,,N,N,,
1013,0,1,T,F,F,F,F,T,F,,N,N,,
1014,2,1,T,F,F,F,T,F,F,,Y,N,,
1015,0,1,T,F,F,F,F,T,F,,N,N,,
1016,3,1,T,F,F,F,T,F,F,,Y,N,,
1017,1,1,T,F,F,F,F,F,T,,N,N,,
1018,1,1,T,F,F,F,F,F,T,,N,N,,
1019,1,1,T,F,F,F,F,F,T,,N,N,,
1020,1,1,T,F,F,F,F,F,T,,N,N,,
1021,7,1,T,F,F,F,F,F,T,,N,N,,
1022,27,1,T,F,F,F,F,F,T,,N,N,,
1023,39,1,T,F,F,F,F,F,T,,N,N,,
1024,5,1,T,F,F,F,F,F,T,,N,N,,
1025,6,1,T,F,F,F,F,T,F,,N,N,,
1026,38,1,T,F,F,F,T,F,F,,Y,N,,
1027,29,1,T,F,F,F,F,T,F,,N,N,,
1028,11,1,T,F,F,F,F,F,T,,N,N,,
1029,2,1,T,F,F,F,F,T,F,,N,N,,
1030,98,1,T,F,F,F,T,F,F,,Y,N,,
1031,2,1,T,F,F,F,F,T,F,,N,N,,
1032,4,1,T,F,F,F,F,T,F,,N,N,,
1033,1,1,T,F,F,F,F,F,T,,N,N,,
1034,29,1,T,F,F,F,T,F,F,,Y,N,,
1035,3,1,T,F,F,F,F,F,T,,N,N,,
1036,12,1,T,F,F,F,F,T,F,,N,N,,
1037,11,1,T,F,F,F,F,T,F,,N,N,,
1038,4,1,T,F,F,F,F,T,F,,N,N,,
1039,60,1,T,F,F,F,T,F,F,,Y,N,,
1040,39,1,T,F,F,F,T,F,F,,Y,N,,
1041,91,1,T,F,F,F,T,F,F,,Y,N,,
1042,19,1,T,F,F,F,T,F,F,,Y,N,,
1043,16,1,T,F,F,F,F,T,F,,N,N,,
1044,49,1,T,F,F,F,T,F,F,,Y,N,,
1045,1,1,T,F,F,F,F,F,T,,N,N,,
1047,10,1,T,F,F,F,F,T,F,,N,N,,
1048,60,1,T,F,F,F,F,F,T,,N,N,,
1049,6,1,T,F,F,F,F,F,T,,N,N,,
1050,46,1,T,F,F,F,F,F,T,,N,N,,
1051,20,1,T,F,F,F,F,T,F,,N,N,,
1052,11,1,T,F,F,F,F,T,F,,N,N,,
1053,24,1,T,F,F,F,F,F,T,,N,N,,
1054,7,1,T,F,F,F,F,F,T,,N,N,,
1055,7,1,T,F,F,F,F,F,T,,N,N,,
1056,4,1,T,F,F,F,F,T,F,,N,N,,
1057,4,1,T,F,F,F,F,F,T,,N,N,,
1058,9,1,T,F,F,F,F,F,T,,N,N,,
1059,5,1,T,F,F,F,F,F,T,,N,N,,
1060,1,1,T,F,F,F,F,F,T,,N,N,,
1061,3,1,T,F,F,F,F,T,F,,N,N,,
1062,1,1,T,F,F,F,F,F,T,,N,N,,
1063,10,1,T,F,F,F,F,F,T,,N,N,,
1064,2,1,T,F,F,F,F,F,T,,N,N,,
1065,3,1,T,F,F,F,F,F,T,,N,N,,
1066,36,1,T,F,F,F,F,F,T,,N,N,,
1067,0,1,T,F,F,F,F,F,T,,N,N,,
1068,2,1,T,F,F,F,F,T,F,,N,N,,
1069,12,1,T,F,F,F,F,T,F,,N,N,,
1070,6,1,T,F,F,F,F,F,T,,N,N,,
1071,5,1,T,F,F,F,F,F,T,,N,N,,
1072,4,1,T,F,F,F,F,T,F,,N,N,,
1073,5,1,T,F,F,F,F,F,T,,N,N,,
1074,0,1,T,F,F,F,F,T,F,,N,N,,
1075,4,1,T,F,F,F,F,T,F,,N,N,,
1076,8,1,T,F,F,F,F,F,T,,N,N,,
1077,9,1,T,F,F,F,F,F,T,,N,N,,
1078,1,1,T,F,F,F,F,F,T,,N,N,,
1079,1,1,T,F,F,F,F,F,T,,N,N,,
1080,1,1,T,F,F,F,F,F,T,,N,N,,
1081,1,1,T,F,F,F,F,F,T,,N,N,,
1082,5,1,T,F,F,F,F,F,T,,N,N,,
1083,207,1,T,F,F,F,F,F,T,,N,N,,
1084,1,1,T,F,F,F,F,F,T,,N,N,,
1085,0,1,T,F,F,F,F,T,F,,N,N,,
1086,0,1,T,F,F,F,F,F,T,,N,N,,
1087,0,1,T,F,F,F,F,T,F,,N,N,,
1088,0,1,T,F,F,F,F,F,T,,N,N,,
1089,0,1,T,F,F,F,F,T,F,,N,N,,
1090,0,1,T,F,F,F,F,F,T,,N,N,,
1091,0,1,T,F,F,F,F,F,T,,N,N,,
1092,0,1,T,F,F,F,F,T,F,,N,N,,
1093,0,1,T,F,F,F,F,F,T,,N,N,,
1094,0,1,T,F,F,F,F,T,F,,N,N,,
1095,0,1,T,F,F,F,F,F,T,,N,N,,
1096,0,1,T,F,F,F,F,T,F,,N,N,,
1097,0,1,T,F,F,F,F,F,T,,N,N,,
1098,0,1,T,F,F,F,F,F,T,,N,N,,
1099,0,1,T,F,F,F,F,F,T,,N,N,,
1100,0,1,T,F,F,F,F,F,T,,N,N,,
1101,0,1,T,F,F,F,F,T,F,,N,N,,
1102,0,1,T,F,F,F,F,F,T,,N,N,,
1103,0,1,T,F,F,F,F,F,T,,N,N,,
1104,0,1,T,F,F,F,F,F,T,,N,N,,
1105,0,1,T,F,F,F,F,F,T,,N,N,,
1106,0,1,T,F,F,F,F,F,T,,N,N,,
1107,0,1,T,F,F,F,F,F,T,,N,N,,
1108,0,1,T,F,F,F,F,F,T,,N,N,,
1109,0,1,T,F,F,F,F,T,F,,N,N,,
1110,0,1,T,F,F,F,F,F,T,,N,N,,
1111,0,1,T,F,F,F,F,T,F,,N,N,,
1112,0,1,T,F,F,F,F,F,T,,N,N,,
1113,0,1,T,F,F,F,F,T,F,,N,N,,
1114,0,1,T,F,F,F,F,F,T,,N,N,,
1115,0,1,T,F,F,F,F,T,F,,N,N,,
1116,0,1,T,F,F,F,F,T,F,,N,N,,
1117,0,1,T,F,F,F,F,F,T,,N,N,,
1118,0,1,T,F,F,F,F,T,F,,N,N,,
1119,0,1,T,F,F,F,F,T,F,,N,N,,
1120,0,1,T,F,F,F,F,F,T,,N,N,,
1121,0,1,T,F,F,F,F,F,T,,N,N,,
1122,0,1,T,F,F,F,F,F,T,,N,N,,
1123,0,1,T,F,F,F,F,F,T,,N,N,,
1124,0,1,T,F,F,F,F,F,T,,N,N,,
1125,0,1,T,F,F,F,F,F,T,,N,N,,
1126,0,1,T,F,F,F,F,T,F,,N,N,,
1127,0,1,T,F,F,F,F,F,T,,N,N,,
1128,0,1,T,F,F,F,F,F,T,,N,N,,
1129,0,1,T,F,F,F,F,T,F,,N,N,,
1130,0,1,T,F,F,F,F,F,T,,N,N,,
1131,0,1,T,F,F,F,F,T,F,,N,N,,
1132,0,1,T,F,F,F,F,F,T,,N,N,,
1133,0,1,T,F,F,F,F,F,T,,N,N,,
1134,0,1,T,F,F,F,F,F,T,,N,N,,
1135,0,1,T,F,F,F,F,F,T,,N,N,,
1136,0,1,T,F,F,F,F,T,F,,N,N,,
1137,0,1,T,F,F,F,F,F,T,,N,N,,
1138,0,1,T,F,F,F,F,F,T,,N,N,,
1139,0,1,T,F,F,F,F,T,F,,N,N,,
1140,0,1,T,F,F,F,F,T,F,,N,N,,
1141,0,1,T,F,F,F,F,F,T,,N,N,,
1142,0,1,T,F,F,F,F,F,T,,N,N,,
1143,0,1,T,F,F,F,F,F,T,,N,N,,
1144,0,1,T,F,F,F,F,F,T,,N,N,,
1145,0,1,T,F,F,F,F,F,T,,N,N,,
1146,0,1,T,F,F,F,F,F,T,,N,N,,
1147,0,1,T,F,F,F,F,F,T,,N,N,,
1148,0,1,T,F,F,F,F,F,T,,N,N,,
1149,0,1,T,F,F,F,F,F,T,,N,N,,
1150,0,1,T,F,F,F,F,F,T,,N,N,,
1151,0,1,T,F,F,F,F,F,T,,N,N,,
1152,0,1,T,F,F,F,F,F,T,,N,N,,
1153,0,1,T,F,F,F,F,F,T,,N,N,,
1154,0,1,T,F,F,F,F,F,T,,N,N,,
1155,0,1,T,F,F,F,F,T,F,,N,N,,
1156,0,1,T,F,F,F,F,F,T,,N,N,,
1157,0,1,T,F,F,F,F,F,T,,N,N,,
1158,0,1,T,F,F,F,F,F,T,,N,N,,
1159,0,1,T,F,F,F,F,T,F,,N,N,,
1161,0,1,T,F,F,F,F,F,T,,N,N,,
1162,0,1,T,F,F,F,F,F,T,,N,N,,
1163,0,1,T,F,F,F,F,F,T,,N,N,,
1164,0,1,T,F,F,F,F,F,T,,N,N,,
1165,0,1,T,F,F,F,F,F,T,,N,N,,
1166,0,1,T,F,F,F,F,F,T,,N,N,,
1167,0,1,T,F,F,F,F,F,T,,N,N,,
1168,0,1,T,F,F,F,F,F,T,,N,N,,
1169,0,1,T,F,F,F,F,F,T,,N,N,,
1170,0,1,T,F,F,F,F,F,T,,N,N,,
1171,0,1,T,F,F,F,F,F,T,,N,N,,
1172,0,1,T,F,F,F,F,F,T,,N,N,,
1173,0,1,T,F,F,F,F,F,T,,N,N,,
1174,0,1,T,F,F,F,F,F,T,,N,N,,
1175,0,1,T,F,F,F,F,F,T,,N,N,,
1176,0,1,T,F,F,F,F,F,T,,N,N,,
1178,0,1,T,F,F,F,F,F,T,,N,N,,
1180,0,1,T,F,F,F,F,T,F,,N,N,,
1181,0,1,T,F,F,F,F,F,T,,N,N,,
1182,0,1,T,F,F,F,F,F,T,,N,N,,
1183,0,1,T,F,F,F,F,F,T,,N,N,,
1184,0,1,T,F,F,F,F,F,T,,N,N,,
1186,0,1,T,F,F,F,F,F,T,,N,N,,
1187,0,1,T,F,F,F,F,F,T,,N,N,,
1188,0,1,T,F,F,F,F,F,T,,N,N,,
1189,0,1,T,F,F,F,F,F,T,,N,N,,
1191,0,1,T,F,F,F,F,F,T,,N,N,,
1195,0,1,T,F,F,F,F,F,T,,N,N,,
1196,0,1,T,F,F,F,F,F,T,,N,N,,
1197,0,1,T,F,F,F,F,F,T,,N,N,,
1198,0,1,T,F,F,F,F,F,T,,N,N,,
1199,0,1,T,F,F,F,F,F,T,,N,N,,
1200,0,1,T,F,F,F,F,F,T,,N,N,,
1201,0,1,T,F,F,F,F,F,T,,N,N,,
1202,0,1,T,F,F,F,F,F,T,,N,N,,
1203,0,1,T,F,F,F,F,F,T,,N,N,,
1204,0,1,T,F,F,F,F,F,T,,N,N,,
1205,0,1,T,F,F,F,F,F,T,,N,N,,
1206,0,1,T,F,F,F,F,F,T,,N,N,,
1208,0,1,T,F,F,F,F,F,T,,N,N,,
1209,0,1,T,F,F,F,F,F,T,,N,N,,
1210,0,1,T,F,F,F,F,F,T,,N,N,,
1213,0,1,T,F,F,F,F,F,T,,N,N,,
1214,0,1,T,F,F,F,F,F,T,,N,N,,
1215,0,1,T,F,F,F,F,F,T,,N,N,,
1216,0,1,T,F,F,F,F,F,T,,N,N,,
1219,0,1,T,F,F,F,F,F,T,,N,N,,
1220,0,1,T,F,F,F,F,F,T,,N,N,,
1221,0,1,T,F,F,F,F,F,T,,N,N,,
1223,0,1,T,F,F,F,F,F,T,,N,N,,
1226,0,1,T,F,F,F,F,F,T,,N,N,,
1228,0,1,T,F,F,F,F,F,T,,N,N,,
1229,0,1,T,F,F,F,F,F,T,,N,N,,
1230,0,1,T,F,F,F,F,F,T,,N,N,,
1232,0,1,T,F,F,F,F,F,T,,N,N,,
1233,0,1,T,F,F,F,F,F,T,,N,N,,
1236,0,1,T,F,F,F,F,F,T,,N,N,,
1237,0,1,T,F,F,F,F,F,T,,N,N,,
1238,0,1,T,F,F,F,F,F,T,,N,N,,
1239,0,1,T,F,F,F,F,F,T,,N,N,,
1243,0,1,T,F,F,F,F,F,T,,N,N,,
1245,0,1,T,F,F,F,F,F,T,,N,N,,
1246,0,1,T,F,F,F,F,F,T,,N,N,,
8,4,2,F,T,F,F,F,F,T,,N,N,,
18,0,2,F,T,F,F,F,F,T,,N,N,,
21,2,2,F,T,F,F,F,F,T,,N,N,,
24,2,2,F,T,F,F,F,F,T,,N,N,,
25,2,2,F,T,F,F,F,F,T,,N,N,,
26,2,2,F,T,F,F,F,F,T,,N,N,,
27,3,2,F,T,F,F,F,F,T,,N,N,,
28,2,2,F,T,F,F,F,F,T,,N,N,,
29,0,2,F,T,F,F,F,F,T,,N,N,,
30,2,2,F,T,F,F,F,F,T,,N,N,,
31,3,2,F,T,F,F,F,F,T,,N,N,,
32,4,2,F,T,F,F,F,F,T,,N,N,,
33,1,2,F,T,F,F,F,F,T,,N,N,,
34,1,2,F,T,F,F,F,F,T,,N,N,,
36,0,2,F,T,F,F,F,F,T,,N,N,,
43,0,2,F,T,F,F,F,T,F,,N,Y,,
44,0,2,F,T,F,F,T,F,F,,N,N,,
45,0,2,F,T,F,F,T,F,F,,N,N,,
46,0,2,F,T,F,F,F,T,F,,N,Y,,
47,0,2,F,T,F,F,F,T,F,,N,Y,,
48,0,2,F,T,F,F,T,F,F,,N,N,,
49,0,2,F,T,F,F,F,F,T,,N,N,,
50,0,2,F,T,F,F,F,F,T,,N,N,,
56,1,2,F,T,F,F,F,F,T,,N,N,,
57,8,2,F,T,F,F,F,F,T,,N,N,,
58,0,2,F,T,F,F,F,F,T,,N,N,,
59,0,2,F,T,F,F,F,F,T,,N,N,,
60,0,2,F,T,F,F,F,F,T,,N,N,,
63,0,2,F,T,F,F,F,F,T,,N,N,,
64,4,2,F,T,F,F,F,F,T,,N,N,,
65,0,2,F,T,F,F,F,F,T,,N,N,,
66,0,2,F,T,F,F,F,F,T,,N,N,,
68,0,2,F,T,F,F,F,F,T,,N,N,,
69,0,2,F,T,F,F,F,F,T,,N,N,,
70,1,2,F,T,F,F,F,F,T,,N,N,,
71,2,2,F,T,F,F,F,F,T,,N,N,,
76,32,2,F,T,F,F,T,F,F,,N,N,,
84,49,2,F,T,F,F,F,T,F,,N,Y,,
102,85,2,F,T,F,F,F,T,F,,N,Y,,
103,24,2,F,T,F,F,T,F,F,,N,N,,
105,30,2,F,T,F,F,F,F,T,,N,N,,
107,0,2,F,T,F,F,F,F,T,,N,N,,
123,12,2,F,T,F,F,T,F,F,,N,N,,
124,1,2,F,T,F,F,F,F,T,,N,N,,
125,4,2,F,T,F,F,F,F,T,,N,N,,
128,23,2,F,T,F,F,T,F,F,,N,N,,
129,6,2,F,T,F,F,T,F,F,,N,N,,
130,22,2,F,T,F,F,F,T,F,,N,Y,,
132,10,2,F,T,F,F,F,F,T,,N,N,,
133,19,2,F,T,F,F,F,F,T,,N,N,,
134,1,2,F,T,F,F,F,F,T,,N,N,,
135,0,2,F,T,F,F,F,F,T,,N,N,,
136,6,2,F,T,F,F,F,F,T,,N,N,,
137,2,2,F,T,F,F,F,F,T,,N,N,,
138,15,2,F,T,F,F,T,F,F,,N,N,,
139,23,2,F,T,F,F,F,T,F,,N,Y,,
140,10,2,F,T,F,F,T,F,F,,N,N,,
141,1,2,F,T,F,F,F,F,T,,N,N,,
144,4,2,F,T,F,F,T,F,F,,N,N,,
145,70,2,F,T,F,F,F,T,F,,N,Y,,
146,15,2,F,T,F,F,F,F,T,,N,N,,
147,4,2,F,T,F,F,F,F,T,,N,N,,
148,1,2,F,T,F,F,F,F,T,,N,N,,
151,2,2,F,T,F,F,F,F,T,,N,N,,
152,1,2,F,T,F,F,F,F,T,,N,N,,
154,32,2,F,T,F,F,T,F,F,,N,N,,
156,2,2,F,T,F,F,F,F,T,,N,N,,
158,19,2,F,T,F,F,T,F,F,,N,N,,
161,0,2,F,T,F,F,F,F,T,,N,N,,
162,0,2,F,T,F,F,F,F,T,,N,N,,
167,0,2,F,T,F,F,F,F,T,,N,N,,
170,1,2,F,T,F,F,F,F,T,,N,N,,
171,6,2,F,T,F,F,F,F,T,,N,N,,
172,45,2,F,T,F,F,F,T,F,,N,Y,,
173,10,2,F,T,F,F,T,F,F,,N,N,,
175,0,2,F,T,F,F,T,F,F,,N,N,,
176,2,2,F,T,F,F,F,F,T,,N,N,,
177,0,2,F,T,F,F,F,F,T,,N,N,,
178,2,2,F,T,F,F,F,F,T,,N,N,,
179,14,2,F,T,F,F,T,F,F,,N,N,,
180,0,2,F,T,F,F,F,F,T,,N,N,,
181,9,2,F,T,F,F,F,F,T,,N,N,,
182,4,2,F,T,F,F,F,F,T,,N,N,,
183,36,2,F,T,F,F,F,T,F,,N,Y,,
184,5,2,F,T,F,F,T,F,F,,N,N,,
188,50,2,F,T,F,F,F,T,F,,N,Y,,
189,33,2,F,T,F,F,F,T,F,,N,Y,,
190,47,2,F,T,F,F,F,T,F,,N,Y,,
191,11,2,F,T,F,F,T,F,F,,N,N,,
192,27,2,F,T,F,F,F,T,F,,N,Y,,
193,17,2,F,T,F,F,T,F,F,,N,N,,
194,49,2,F,T,F,F,F,T,F,,N,Y,,
195,15,2,F,T,F,F,T,F,F,,N,N,,
197,14,2,F,T,F,F,T,F,F,,N,N,,
198,1,2,F,T,F,F,F,F,T,,N,N,,
199,35,2,F,T,F,F,F,T,F,,N,Y,,
200,0,2,F,T,F,F,F,F,T,,N,N,,
201,22,2,F,T,F,F,T,F,F,,N,N,,
204,25,2,F,T,F,F,T,F,F,,N,N,,
205,17,2,F,T,F,F,F,T,F,,N,Y,,
207,0,2,F,T,F,F,F,T,F,,N,Y,,
208,14,2,F,T,F,F,T,F,F,,N,N,,
209,59,2,F,T,F,F,F,T,F,,N,Y,,
212,25,2,F,T,F,F,F,T,F,,N,Y,,
213,59,2,F,T,F,F,F,T,F,,N,Y,,
214,1,2,F,T,F,F,F,F,T,,N,N,,
215,1,2,F,T,F,F,F,F,T,,N,N,,
216,12,2,F,T,F,F,T,F,F,,N,N,,
217,26,2,F,T,F,F,F,T,F,,N,Y,,
220,30,2,F,T,F,F,F,T,F,,N,Y,,
224,28,2,F,T,F,F,T,F,F,,N,N,,
225,0,2,F,T,F,F,F,F,T,,N,N,,
226,1,2,F,T,F,F,F,F,T,,N,N,,
227,1,2,F,T,F,F,F,F,T,,N,N,,
228,8,2,F,T,F,F,F,F,T,,N,N,,
229,27,2,F,T,F,F,T,F,F,,N,N,,
230,8,2,F,T,F,F,T,F,F,,N,N,,
231,6,2,F,T,F,F,F,F,T,,N,N,,
253,5,2,F,T,F,F,T,F,F,,N,N,,
254,2,2,F,T,F,F,F,T,F,,N,Y,,
257,8,2,F,T,F,F,F,T,F,,N,Y,,
287,1,2,F,T,F,F,F,F,T,,N,N,,
290,1,2,F,T,F,F,F,F,T,,N,N,,
291,1,2,F,T,F,F,F,F,T,,N,N,,
292,1,2,F,T,F,F,F,F,T,,N,N,,
293,1,2,F,T,F,F,F,F,T,,N,N,,
294,1,2,F,T,F,F,F,F,T,,N,N,,
295,1,2,F,T,F,F,F,F,T,,N,N,,
296,1,2,F,T,F,F,F,F,T,,N,N,,
297,2,2,F,T,F,F,F,F,T,,N,N,,
298,1,2,F,T,F,F,F,F,T,,N,N,,
299,1,2,F,T,F,F,F,F,T,,N,N,,
300,1,2,F,T,F,F,F,F,T,,N,N,,
301,1,2,F,T,F,F,F,F,T,,N,N,,
302,0,2,F,T,F,F,F,F,T,,N,N,,
307,16,2,F,T,F,F,F,T,F,,N,Y,,
309,17,2,F,T,F,F,T,F,F,,N,N,,
310,0,2,F,T,F,F,F,F,T,,N,N,,
311,0,2,F,T,F,F,F,F,T,,N,N,,
312,0,2,F,T,F,F,F,F,T,,N,N,,
313,4,2,F,T,F,F,F,F,T,,N,N,,
314,8,2,F,T,F,F,T,F,F,,N,N,,
315,0,2,F,T,F,F,F,F,T,,N,N,,
316,6,2,F,T,F,F,T,F,F,,N,N,,
317,3,2,F,T,F,F,F,F,T,,N,N,,
318,4,2,F,T,F,F,F,F,T,,N,N,,
320,15,2,F,T,F,F,F,F,T,,N,N,,
321,61,2,F,T,F,F,T,F,F,,N,N,,
322,2,2,F,T,F,F,F,F,T,,N,N,,
326,17,2,F,T,F,F,T,F,F,,N,N,,
327,1,2,F,T,F,F,F,F,T,,N,N,,
328,23,2,F,T,F,F,T,F,F,,N,N,,
330,0,2,F,T,F,F,F,F,T,,N,N,,
332,1,2,F,T,F,F,F,F,T,,N,N,,
333,8,2,F,T,F,F,T,F,F,,N,N,,
334,23,2,F,T,F,F,F,T,F,,N,Y,,
336,0,2,F,T,F,F,F,F,T,,N,N,,
337,4,2,F,T,F,F,F,T,F,,N,Y,,
338,18,2,F,T,F,F,T,F,F,,N,N,,
341,38,2,F,T,F,F,F,T,F,,N,Y,,
342,16,2,F,T,F,F,F,T,F,,N,Y,,
343,70,2,F,T,F,F,F,T,F,,N,Y,,
345,9,2,F,T,F,F,T,F,F,,N,N,,
346,0,2,F,T,F,F,F,F,T,,N,N,,
347,13,2,F,T,F,F,T,F,F,,N,N,,
349,1,2,F,T,F,F,F,T,F,,N,Y,,
350,0,2,F,T,F,F,F,F,T,,N,N,,
351,0,2,F,T,F,F,F,F,T,,N,N,,
352,30,2,F,T,F,F,F,T,F,,N,Y,,
353,1,2,F,T,F,F,F,F,T,,N,N,,
355,14,2,F,T,F,F,T,F,F,,N,N,,
357,15,2,F,T,F,F,T,F,F,,N,N,,
358,11,2,F,T,F,F,T,F,F,,N,N,,
359,65,2,F,T,F,F,F,T,F,,N,Y,,
360,102,2,F,T,F,F,F,T,F,,N,Y,,
361,0,2,F,T,F,F,F,T,F,,N,Y,,
362,0,2,F,T,F,F,F,F,T,,N,N,,
363,1,2,F,T,F,F,F,F,T,,N,N,,
369,8,2,F,T,F,F,T,F,F,,N,N,,
370,4,2,F,T,F,F,F,T,F,,N,Y,,
372,2,2,F,T,F,F,F,T,F,,N,Y,,
374,0,2,F,T,F,F,T,F,F,,N,N,,
375,54,2,F,T,F,F,F,T,F,,N,Y,,
376,14,2,F,T,F,F,T,F,F,,N,N,,
377,35,2,F,T,F,F,T,F,F,,N,N,,
379,4,2,F,T,F,F,F,F,T,,N,N,,
382,98,2,F,T,F,F,F,T,F,,N,Y,,
384,20,2,F,T,F,F,T,F,F,,N,N,,
386,20,2,F,T,F,F,T,F,F,,N,N,,
387,0,2,F,T,F,F,F,F,T,,N,N,,
393,19,2,F,T,F,F,F,T,F,,N,Y,,
399,42,2,F,T,F,F,F,T,F,,N,Y,,
400,2,2,F,T,F,F,F,F,T,,N,N,,
402,4,2,F,T,F,F,F,F,T,,N,N,,
403,33,2,F,T,F,F,T,F,F,,N,N,,
404,44,2,F,T,F,F,F,T,F,,N,Y,,
405,8,2,F,T,F,F,F,T,F,,N,Y,,
406,1,2,F,T,F,F,F,F,T,,N,N,,
409,1,2,F,T,F,F,F,F,T,,N,N,,
410,1,2,F,T,F,F,F,T,F,,N,Y,,
411,0,2,F,T,F,F,F,F,T,,N,N,,
413,11,2,F,T,F,F,F,T,F,,N,Y,,
414,2,2,F,T,F,F,F,F,T,,N,N,,
416,8,2,F,T,F,F,T,F,F,,N,N,,
417,27,2,F,T,F,F,F,T,F,,N,Y,,
418,17,2,F,T,F,F,T,F,F,,N,N,,
419,18,2,F,T,F,F,T,F,F,,N,N,,
420,48,2,F,T,F,F,T,F,F,,N,N,,
421,1,2,F,T,F,F,F,F,T,,N,N,,
422,25,2,F,T,F,F,F,T,F,,N,Y,,
424,0,2,F,T,F,F,F,F,T,,N,N,,
425,16,2,F,T,F,F,T,F,F,,N,N,,
426,21,2,F,T,F,F,F,T,F,,N,Y,,
427,6,2,F,T,F,F,F,F,T,,N,N,,
428,10,2,F,T,F,F,T,F,F,,N,N,,
431,0,2,F,T,F,F,F,F,T,,N,N,,
435,0,2,F,T,F,F,F,F,T,,N,N,,
436,0,2,F,T,F,F,F,F,T,,N,N,,
437,0,2,F,T,F,F,F,F,T,,N,N,,
438,12,2,F,T,F,F,T,F,F,,N,N,,
439,1,2,F,T,F,F,F,F,T,,N,N,,
440,1,2,F,T,F,F,F,F,T,,N,N,,
441,0,2,F,T,F,F,F,F,T,,N,N,,
442,2,2,F,T,F,F,F,F,T,,N,N,,
443,0,2,F,T,F,F,F,F,T,,N,N,,
445,33,2,F,T,F,F,F,T,F,,N,Y,,
446,4,2,F,T,F,F,F,F,T,,N,N,,
447,23,2,F,T,F,F,T,F,F,,N,N,,
448,11,2,F,T,F,F,T,F,F,,N,N,,
449,0,2,F,T,F,F,F,F,T,,N,N,,
450,1,2,F,T,F,F,F,F,T,,N,N,,
451,10,2,F,T,F,F,T,F,F,,N,N,,
452,24,2,F,T,F,F,T,F,F,,N,N,,
453,1,2,F,T,F,F,F,F,T,,N,N,,
454,34,2,F,T,F,F,T,F,F,,N,N,,
455,0,2,F,T,F,F,F,F,T,,N,N,,
456,0,2,F,T,F,F,F,F,T,,N,N,,
459,57,2,F,T,F,F,F,T,F,,N,Y,,
465,0,2,F,T,F,F,F,T,F,,N,Y,,
466,45,2,F,T,F,F,F,T,F,,N,Y,,
467,24,2,F,T,F,F,T,F,F,,N,N,,
468,11,2,F,T,F,F,T,F,F,,N,N,,
469,50,2,F,T,F,F,F,T,F,,N,Y,,
483,2,2,F,T,F,F,F,F,T,,N,N,,
484,10,2,F,T,F,F,F,F,T,,N,N,,
508,1,2,F,T,F,F,F,F,T,,N,N,,
511,0,2,F,T,F,F,F,T,F,,N,Y,,
529,27,2,F,T,F,F,T,F,F,,N,N,,
531,2,2,F,T,F,F,F,F,T,,N,N,,
532,0,2,F,T,F,F,F,F,T,,N,N,,
533,15,2,F,T,F,F,F,T,F,,N,Y,,
534,0,2,F,T,F,F,F,F,T,,N,N,,
535,0,2,F,T,F,F,F,F,T,,N,N,,
540,0,2,F,T,F,F,F,F,T,,N,N,,
541,0,2,F,T,F,F,F,F,T,,N,N,,
547,2,2,F,T,F,F,F,F,T,,N,N,,
548,0,2,F,T,F,F,F,F,T,,N,N,,
549,1,2,F,T,F,F,F,F,T,,N,N,,
551,20,2,F,T,F,F,F,T,F,,N,Y,,
552,100,2,F,T,F,F,F,T,F,,N,Y,,
553,10,2,F,T,F,F,T,F,F,,N,N,,
554,25,2,F,T,F,F,F,T,F,,N,Y,,
555,5,2,F,T,F,F,F,F,T,,N,N,,
556,30,2,F,T,F,F,F,F,T,,N,N,,
557,0,2,F,T,F,F,F,F,T,,N,N,,
558,0,2,F,T,F,F,F,F,T,,N,N,,
559,8,2,F,T,F,F,F,T,F,,N,Y,,
560,13,2,F,T,F,F,F,T,F,,N,Y,,
561,3,2,F,T,F,F,T,F,F,,N,N,,
562,8,2,F,T,F,F,F,T,F,,N,Y,,
565,17,2,F,T,F,F,T,F,F,,N,N,,
566,30,2,F,T,F,F,F,T,F,,N,Y,,
568,0,2,F,T,F,F,F,F,T,,N,N,,
577,0,2,F,T,F,F,F,F,T,,N,N,,
579,1,2,F,T,F,F,F,F,T,,N,N,,
580,20,2,F,T,F,F,F,T,F,,N,Y,,
581,2,2,F,T,F,F,T,F,F,,N,N,,
582,32,2,F,T,F,F,F,T,F,,N,Y,,
583,21,2,F,T,F,F,T,F,F,,N,N,,
584,36,2,F,T,F,F,F,T,F,,N,Y,,
586,4,2,F,T,F,F,F,F,T,,N,N,,
587,22,2,F,T,F,F,F,T,F,,N,Y,,
588,16,2,F,T,F,F,T,F,F,,N,N,,
607,14,2,F,T,F,F,T,F,F,,N,N,,
608,0,2,F,T,F,F,F,F,T,,N,N,,
609,8,2,F,T,F,F,T,F,F,,N,N,,
616,20,2,F,T,F,F,F,T,F,,N,Y,,
620,79,2,F,T,F,F,T,F,F,,N,N,,
622,22,2,F,T,F,F,T,F,F,,N,N,,
623,18,2,F,T,F,F,F,T,F,,N,Y,,
624,28,2,F,T,F,F,F,T,F,,N,Y,,
625,17,2,F,T,F,F,T,F,F,,N,N,,
628,47,2,F,T,F,F,F,T,F,,N,Y,,
629,8,2,F,T,F,F,F,F,T,,N,N,,
631,4,2,F,T,F,F,F,F,T,,N,N,,
632,27,2,F,T,F,F,F,T,F,,N,Y,,
633,13,2,F,T,F,F,T,F,F,,N,N,,
634,0,2,F,T,F,F,F,F,T,,N,N,,
635,8,2,F,T,F,F,T,F,F,,N,N,,
636,2,2,F,T,F,F,F,F,T,,N,N,,
637,19,2,F,T,F,F,F,F,T,,N,N,,
638,4,2,F,T,F,F,F,F,T,,N,N,,
639,0,2,F,T,F,F,F,F,T,,N,N,,
640,0,2,F,T,F,F,F,T,F,,N,Y,,
644,2,2,F,T,F,F,T,F,F,,N,N,,
646,2,2,F,T,F,F,F,F,T,,N,N,,
647,13,2,F,T,F,F,T,F,F,,N,N,,
649,0,2,F,T,F,F,F,T,F,,N,Y,,
650,1,2,F,T,F,F,F,F,T,,N,N,,
651,1,2,F,T,F,F,F,F,T,,N,N,,
653,13,2,F,T,F,F,F,F,T,,N,N,,
654,12,2,F,T,F,F,T,F,F,,N,N,,
656,31,2,F,T,F,F,F,T,F,,N,Y,,
657,1,2,F,T,F,F,F,F,T,,N,N,,
659,0,2,F,T,F,F,F,T,F,,N,Y,,
663,2,2,F,T,F,F,T,F,F,,N,N,,
664,8,2,F,T,F,F,F,T,F,,N,Y,,
665,3,2,F,T,F,F,T,F,F,,N,N,,
666,31,2,F,T,F,F,F,T,F,,N,Y,,
668,1,2,F,T,F,F,F,F,T,,N,N,,
670,10,2,F,T,F,F,T,F,F,,N,N,,
673,0,2,F,T,F,F,F,T,F,,N,Y,,
675,3,2,F,T,F,F,F,F,T,,N,N,,
678,0,2,F,T,F,F,F,F,T,,N,N,,
679,10,2,F,T,F,F,T,F,F,,N,N,,
680,0,2,F,T,F,F,F,F,T,,N,N,,
681,3,2,F,T,F,F,F,T,F,,N,Y,,
682,6,2,F,T,F,F,F,F,T,,N,N,,
683,0,2,F,T,F,F,F,F,T,,N,N,,
684,26,2,F,T,F,F,T,F,F,,N,N,,
686,0,2,F,T,F,F,F,F,T,,N,N,,
688,0,2,F,T,F,F,F,F,T,,N,N,,
689,1,2,F,T,F,F,F,F,T,,N,N,,
690,0,2,F,T,F,F,F,F,T,,N,N,,
691,0,2,F,T,F,F,F,F,T,,N,N,,
692,0,2,F,T,F,F,F,F,T,,N,N,,
693,10,2,F,T,F,F,T,F,F,,N,N,,
694,6,2,F,T,F,F,F,F,T,,N,N,,
696,8,2,F,T,F,F,F,F,T,,N,N,,
697,26,2,F,T,F,F,F,F,T,,N,N,,
701,0,2,F,T,F,F,F,F,T,,N,N,,
702,23,2,F,T,F,F,T,F,F,,N,N,,
703,17,2,F,T,F,F,F,T,F,,N,Y,,
704,24,2,F,T,F,F,T,F,F,,N,N,,
705,45,2,F,T,F,F,F,T,F,,N,Y,,
706,15,2,F,T,F,F,T,F,F,,N,N,,
708,17,2,F,T,F,F,F,T,F,,N,Y,,
709,5,2,F,T,F,F,F,F,T,,N,N,,
710,9,2,F,T,F,F,T,F,F,,N,N,,
711,0,2,F,T,F,F,F,F,T,,N,N,,
712,0,2,F,T,F,F,F,F,T,,N,N,,
714,1,2,F,T,F,F,F,F,T,,N,N,,
715,3,2,F,T,F,F,T,F,F,,N,N,,
717,36,2,F,T,F,F,F,T,F,,N,Y,,
718,43,2,F,T,F,F,F,T,F,,N,Y,,
719,13,2,F,T,F,F,T,F,F,,N,N,,
720,35,2,F,T,F,F,T,F,F,,N,N,,
721,9,2,F,T,F,F,F,F,T,,N,N,,
722,1,2,F,T,F,F,F,F,T,,N,N,,
723,9,2,F,T,F,F,F,T,F,,N,Y,,
724,10,2,F,T,F,F,T,F,F,,N,N,,
725,2,2,F,T,F,F,F,F,T,,N,N,,
726,17,2,F,T,F,F,T,F,F,,N,N,,
727,10,2,F,T,F,F,F,T,F,,N,Y,,
729,11,2,F,T,F,F,F,F,T,,N,N,,
731,6,2,F,T,F,F,F,F,T,,N,N,,
732,20,2,F,T,F,F,F,T,F,,N,Y,,
733,35,2,F,T,F,F,F,T,F,,N,Y,,
734,4,2,F,T,F,F,F,F,T,,N,N,,
736,0,2,F,T,F,F,F,F,T,,N,N,,
740,0,2,F,T,F,F,F,F,T,,N,N,,
741,19,2,F,T,F,F,T,F,F,,N,N,,
742,7,2,F,T,F,F,F,F,T,,N,N,,
743,0,2,F,T,F,F,F,F,T,,N,N,,
744,0,2,F,T,F,F,F,F,T,,N,N,,
745,2,2,F,T,F,F,T,F,F,,N,N,,
746,0,2,F,T,F,F,F,F,T,,N,N,,
748,20,2,F,T,F,F,F,F,T,,N,N,,
749,0,2,F,T,F,F,F,F,T,,N,N,,
753,1,2,F,T,F,F,F,F,T,,N,N,,
755,2,2,F,T,F,F,F,F,T,,N,N,,
756,0,2,F,T,F,F,F,F,T,,N,N,,
757,0,2,F,T,F,F,F,F,T,,N,N,,
759,2,2,F,T,F,F,F,F,T,,N,N,,
760,0,2,F,T,F,F,F,F,T,,N,N,,
761,10,2,F,T,F,F,F,T,F,,N,Y,,
762,0,2,F,T,F,F,F,F,T,,N,N,,
768,0,2,F,T,F,F,F,F,T,,N,N,,
769,3,2,F,T,F,F,F,F,T,,N,N,,
770,0,2,F,T,F,F,F,F,T,,N,N,,
771,22,2,F,T,F,F,F,F,T,,N,N,,
772,11,2,F,T,F,F,F,F,T,,N,N,,
773,1,2,F,T,F,F,F,F,T,,N,N,,
774,10,2,F,T,F,F,T,F,F,,N,N,,
776,28,2,F,T,F,F,F,T,F,,N,Y,,
777,5,2,F,T,F,F,F,F,T,,N,N,,
778,1,2,F,T,F,F,F,F,T,,N,N,,
779,0,2,F,T,F,F,F,F,T,,N,N,,
782,0,2,F,T,F,F,F,F,T,,N,N,,
783,0,2,F,T,F,F,F,F,T,,N,N,,
786,7,2,F,T,F,F,T,F,F,,N,N,,
787,11,2,F,T,F,F,F,T,F,,N,Y,,
788,1,2,F,T,F,F,F,F,T,,N,N,,
789,0,2,F,T,F,F,F,T,F,,N,Y,,
790,0,2,F,T,F,F,F,F,T,,N,N,,
791,11,2,F,T,F,F,T,F,F,,N,N,,
792,9,2,F,T,F,F,F,T,F,,N,Y,,
793,2,2,F,T,F,F,T,F,F,,N,N,,
794,6,2,F,T,F,F,F,T,F,,N,Y,,
795,3,2,F,T,F,F,F,F,T,,N,N,,
796,1,2,F,T,F,F,F,F,T,,N,N,,
798,1,2,F,T,F,F,F,F,T,,N,N,,
799,0,2,F,T,F,F,F,F,T,,N,N,,
801,21,2,F,T,F,F,T,F,F,,N,N,,
802,23,2,F,T,F,F,F,T,F,,N,Y,,
803,28,2,F,T,F,F,F,T,F,,N,Y,,
804,7,2,F,T,F,F,F,F,T,,N,N,,
805,1,2,F,T,F,F,F,F,T,,N,N,,
806,0,2,F,T,F,F,F,F,T,,N,N,,
809,0,2,F,T,F,F,F,F,T,,N,N,,
812,14,2,F,T,F,F,F,F,T,,N,N,,
813,12,2,F,T,F,F,F,F,T,,N,N,,
816,7,2,F,T,F,F,T,F,F,,N,N,,
817,2,2,F,T,F,F,F,T,F,,N,Y,,
818,18,2,F,T,F,F,T,F,F,,N,N,,
819,23,2,F,T,F,F,T,F,F,,N,N,,
820,3,2,F,T,F,F,F,F,T,,N,N,,
821,3,2,F,T,F,F,F,F,T,,N,N,,
822,8,2,F,T,F,F,T,F,F,,N,N,,
823,0,2,F,T,F,F,F,F,T,,N,N,,
824,1,2,F,T,F,F,F,F,T,,N,N,,
825,1,2,F,T,F,F,F,F,T,,N,N,,
826,0,2,F,T,F,F,F,F,T,,N,N,,
827,2,2,F,T,F,F,F,F,T,,N,N,,
835,0,2,F,T,F,F,F,T,F,,N,Y,,
837,47,2,F,T,F,F,F,T,F,,N,Y,,
838,52,2,F,T,F,F,F,T,F,,N,Y,,
839,14,2,F,T,F,F,T,F,F,,N,N,,
841,1,2,F,T,F,F,F,F,T,,N,N,,
842,36,2,F,T,F,F,T,F,F,,N,N,,
844,2,2,F,T,F,F,F,F,T,,N,N,,
845,3,2,F,T,F,F,F,T,F,,N,Y,,
846,5,2,F,T,F,F,F,T,F,,N,Y,,
847,1,2,F,T,F,F,T,F,F,,N,N,,
848,4,2,F,T,F,F,F,T,F,,N,Y,,
850,0,2,F,T,F,F,F,F,T,,N,N,,
851,5,2,F,T,F,F,T,F,F,,N,N,,
853,0,2,F,T,F,F,T,F,F,,N,N,,
856,8,2,F,T,F,F,T,F,F,,N,N,,
857,18,2,F,T,F,F,F,T,F,,N,Y,,
858,7,2,F,T,F,F,T,F,F,,N,N,,
859,8,2,F,T,F,F,F,T,F,,N,Y,,
860,6,2,F,T,F,F,F,T,F,,N,Y,,
861,36,2,F,T,F,F,F,T,F,,N,Y,,
862,6,2,F,T,F,F,F,T,F,,N,Y,,
863,16,2,F,T,F,F,T,F,F,,N,N,,
864,7,2,F,T,F,F,F,F,T,,N,N,,
865,32,2,F,T,F,F,F,T,F,,N,Y,,
866,6,2,F,T,F,F,F,T,F,,N,Y,,
867,54,2,F,T,F,F,F,T,F,,N,Y,,
868,1,2,F,T,F,F,F,F,T,,N,N,,
869,0,2,F,T,F,F,F,F,T,,N,N,,
871,0,2,F,T,F,F,F,F,T,,N,N,,
872,2,2,F,T,F,F,F,F,T,,N,N,,
873,1,2,F,T,F,F,F,F,T,,N,N,,
875,5,2,F,T,F,F,T,F,F,,N,N,,
876,7,2,F,T,F,F,T,F,F,,N,N,,
877,9,2,F,T,F,F,F,T,F,,N,Y,,
878,10,2,F,T,F,F,F,T,F,,N,Y,,
879,2,2,F,T,F,F,F,F,T,,N,N,,
880,96,2,F,T,F,F,F,T,F,,N,Y,,
882,0,2,F,T,F,F,F,F,T,,N,N,,
883,1,2,F,T,F,F,F,F,T,,N,N,,
884,0,2,F,T,F,F,F,F,T,,N,N,,
885,0,2,F,T,F,F,F,F,T,,N,N,,
887,0,2,F,T,F,F,F,F,T,,N,N,,
888,0,2,F,T,F,F,F,F,T,,N,N,,
892,0,2,F,T,F,F,F,F,T,,N,N,,
894,0,2,F,T,F,F,F,T,F,,N,Y,,
895,17,2,F,T,F,F,T,F,F,,N,N,,
896,3,2,F,T,F,F,F,T,F,,N,Y,,
897,0,2,F,T,F,F,T,F,F,,N,N,,
898,0,2,F,T,F,F,F,T,F,,N,Y,,
899,0,2,F,T,F,F,F,T,F,,N,Y,,
900,11,2,F,T,F,F,T,F,F,,N,N,,
901,19,2,F,T,F,F,F,T,F,,N,Y,,
902,1,2,F,T,F,F,F,F,T,,N,N,,
905,11,2,F,T,F,F,T,F,F,,N,N,,
906,108,2,F,T,F,F,F,T,F,,N,Y,,
907,93,2,F,T,F,F,F,T,F,,N,Y,,
908,0,2,F,T,F,F,F,F,T,,N,N,,
909,4,2,F,T,F,F,F,F,T,,N,N,,
910,8,2,F,T,F,F,T,F,F,,N,N,,
912,2,2,F,T,F,F,F,F,T,,N,N,,
913,1,2,F,T,F,F,F,F,T,,N,N,,
914,5,2,F,T,F,F,F,F,T,,N,N,,
915,0,2,F,T,F,F,F,F,T,,N,N,,
916,3,2,F,T,F,F,F,F,T,,N,N,,
917,105,2,F,T,F,F,F,T,F,,N,Y,,
918,67,2,F,T,F,F,T,F,F,,N,N,,
919,0,2,F,T,F,F,F,F,T,,N,N,,
920,1,2,F,T,F,F,T,F,F,,N,N,,
921,0,2,F,T,F,F,F,F,T,,N,N,,
922,0,2,F,T,F,F,T,F,F,,N,N,,
923,0,2,F,T,F,F,T,F,F,,N,N,,
924,25,2,F,T,F,F,F,T,F,,N,Y,,
925,5,2,F,T,F,F,T,F,F,,N,N,,
926,1,2,F,T,F,F,T,F,F,,N,N,,
927,9,2,F,T,F,F,T,F,F,,N,N,,
928,12,2,F,T,F,F,F,T,F,,N,Y,,
929,2,2,F,T,F,F,T,F,F,,N,N,,
931,4,2,F,T,F,F,T,F,F,,N,N,,
932,6,2,F,T,F,F,F,T,F,,N,Y,,
933,3,2,F,T,F,F,T,F,F,,N,N,,
934,12,2,F,T,F,F,F,T,F,,N,Y,,
935,0,2,F,T,F,F,F,F,T,,N,N,,
936,19,2,F,T,F,F,T,F,F,,N,N,,
937,65,2,F,T,F,F,F,T,F,,N,Y,,
938,0,2,F,T,F,F,F,F,T,,N,N,,
939,0,2,F,T,F,F,F,T,F,,N,Y,,
940,31,2,F,T,F,F,T,F,F,,N,N,,
941,0,2,F,T,F,F,T,F,F,,N,N,,
942,1,2,F,T,F,F,T,F,F,,N,N,,
943,4,2,F,T,F,F,T,F,F,,N,N,,
944,1,2,F,T,F,F,T,F,F,,N,N,,
946,0,2,F,T,F,F,F,F,T,,N,N,,
947,34,2,F,T,F,F,F,T,F,,N,Y,,
948,61,2,F,T,F,F,F,T,F,,N,Y,,
949,22,2,F,T,F,F,F,T,F,,N,Y,,
951,6,2,F,T,F,F,F,T,F,,N,Y,,
952,40,2,F,T,F,F,F,T,F,,N,Y,,
953,25,2,F,T,F,F,F,T,F,,N,Y,,
954,16,2,F,T,F,F,F,T,F,,N,Y,,
956,7,2,F,T,F,F,F,T,F,,N,Y,,
957,9,2,F,T,F,F,T,F,F,,N,N,,
958,7,2,F,T,F,F,T,F,F,,N,N,,
959,1,2,F,T,F,F,T,F,F,,N,N,,
961,6,2,F,T,F,F,T,F,F,,N,N,,
962,8,2,F,T,F,F,T,F,F,,N,N,,
963,3,2,F,T,F,F,T,F,F,,N,N,,
964,1,2,F,T,F,F,T,F,F,,N,N,,
966,5,2,F,T,F,F,T,F,F,,N,N,,
967,12,2,F,T,F,F,F,T,F,,N,Y,,
968,39,2,F,T,F,F,F,T,F,,N,Y,,
969,8,2,F,T,F,F,F,T,F,,N,Y,,
971,33,2,F,T,F,F,F,T,F,,N,Y,,
972,23,2,F,T,F,F,F,T,F,,N,Y,,
973,46,2,F,T,F,F,F,T,F,,N,Y,,
974,18,2,F,T,F,F,F,T,F,,N,Y,,
975,15,2,F,T,F,F,F,T,F,,N,Y,,
977,32,2,F,T,F,F,T,F,F,,N,N,,
978,7,2,F,T,F,F,T,F,F,,N,N,,
979,1,2,F,T,F,F,T,F,F,,N,N,,
981,1,2,F,T,F,F,T,F,F,,N,N,,
982,104,2,F,T,F,F,F,T,F,,N,Y,,
983,32,2,F,T,F,F,F,T,F,,N,Y,,
984,3,2,F,T,F,F,F,T,F,,N,Y,,
986,2,2,F,T,F,F,F,T,F,,N,Y,,
987,31,2,F,T,F,F,T,F,F,,N,N,,
988,6,2,F,T,F,F,T,F,F,,N,N,,
989,1,2,F,T,F,F,T,F,F,,N,N,,
991,2,2,F,T,F,F,T,F,F,,N,N,,
992,1,2,F,T,F,F,F,F,T,,N,N,,
993,3,2,F,T,F,F,F,F,T,,N,N,,
994,57,2,F,T,F,F,F,F,T,,N,N,,
995,2,2,F,T,F,F,F,F,T,,N,N,,
996,4,2,F,T,F,F,F,F,T,,N,N,,
997,0,2,F,T,F,F,F,F,T,,N,N,,
998,1,2,F,T,F,F,F,F,T,,N,N,,
999,0,2,F,T,F,F,F,F,T,,N,N,,
1001,1,2,F,T,F,F,F,F,T,,N,N,,
1002,1,2,F,T,F,F,F,F,T,,N,N,,
1003,2,2,F,T,F,F,F,F,T,,N,N,,
1004,15,2,F,T,F,F,T,F,F,,N,N,,
1006,2,2,F,T,F,F,F,F,T,,N,N,,
1007,0,2,F,T,F,F,T,F,F,,N,N,,
1008,6,2,F,T,F,F,F,T,F,,N,Y,,
1009,4,2,F,T,F,F,F,T,F,,N,Y,,
1010,1,2,F,T,F,F,T,F,F,,N,N,,
1011,1,2,F,T,F,F,T,F,F,,N,N,,
1012,5,2,F,T,F,F,F,T,F,,N,Y,,
1013,2,2,F,T,F,F,F,T,F,,N,Y,,
1014,2,2,F,T,F,F,T,F,F,,N,N,,
1015,1,2,F,T,F,F,F,T,F,,N,Y,,
1016,1,2,F,T,F,F,T,F,F,,N,N,,
1017,2,2,F,T,F,F,F,F,T,,N,N,,
1018,0,2,F,T,F,F,F,F,T,,N,N,,
1019,5,2,F,T,F,F,F,F,T,,N,N,,
1020,1,2,F,T,F,F,F,F,T,,N,N,,
1021,0,2,F,T,F,F,F,F,T,,N,N,,
1022,19,2,F,T,F,F,F,F,T,,N,N,,
1023,13,2,F,T,F,F,F,F,T,,N,N,,
1024,0,2,F,T,F,F,F,F,T,,N,N,,
1025,27,2,F,T,F,F,F,T,F,,N,Y,,
1026,16,2,F,T,F,F,T,F,F,,N,N,,
1027,57,2,F,T,F,F,F,T,F,,N,Y,,
1028,0,2,F,T,F,F,F,F,T,,N,N,,
1029,12,2,F,T,F,F,F,T,F,,N,Y,,
1030,28,2,F,T,F,F,T,F,F,,N,N,,
1031,13,2,F,T,F,F,F,T,F,,N,Y,,
1032,15,2,F,T,F,F,F,T,F,,N,Y,,
1033,0,2,F,T,F,F,F,F,T,,N,N,,
1034,18,2,F,T,F,F,T,F,F,,N,N,,
1035,1,2,F,T,F,F,F,F,T,,N,N,,
1036,69,2,F,T,F,F,F,T,F,,N,Y,,
1037,40,2,F,T,F,F,F,T,F,,N,Y,,
1038,73,2,F,T,F,F,F,T,F,,N,Y,,
1039,15,2,F,T,F,F,T,F,F,,N,N,,
1040,21,2,F,T,F,F,T,F,F,,N,N,,
1041,21,2,F,T,F,F,T,F,F,,N,N,,
1042,3,2,F,T,F,F,T,F,F,,N,N,,
1043,78,2,F,T,F,F,F,T,F,,N,Y,,
1044,12,2,F,T,F,F,T,F,F,,N,N,,
1045,2,2,F,T,F,F,F,F,T,,N,N,,
1047,2,2,F,T,F,F,F,T,F,,N,Y,,
1048,26,2,F,T,F,F,F,F,T,,N,N,,
1049,0,2,F,T,F,F,F,F,T,,N,N,,
1050,24,2,F,T,F,F,F,F,T,,N,N,,
1051,7,2,F,T,F,F,F,T,F,,N,Y,,
1052,21,2,F,T,F,F,F,T,F,,N,Y,,
1053,7,2,F,T,F,F,F,F,T,,N,N,,
1054,0,2,F,T,F,F,F,F,T,,N,N,,
1055,3,2,F,T,F,F,F,F,T,,N,N,,
1056,1,2,F,T,F,F,F,T,F,,N,Y,,
1057,4,2,F,T,F,F,F,F,T,,N,N,,
1058,8,2,F,T,F,F,F,F,T,,N,N,,
1059,4,2,F,T,F,F,F,F,T,,N,N,,
1060,1,2,F,T,F,F,F,F,T,,N,N,,
1061,0,2,F,T,F,F,F,T,F,,N,Y,,
1062,0,2,F,T,F,F,F,F,T,,N,N,,
1063,14,2,F,T,F,F,F,F,T,,N,N,,
1064,11,2,F,T,F,F,F,F,T,,N,N,,
1065,1,2,F,T,F,F,F,F,T,,N,N,,
1066,6,2,F,T,F,F,F,F,T,,N,N,,
1067,13,2,F,T,F,F,F,F,T,,N,N,,
1068,2,2,F,T,F,F,F,T,F,,N,Y,,
1069,11,2,F,T,F,F,F,T,F,,N,Y,,
1070,2,2,F,T,F,F,F,F,T,,N,N,,
1071,1,2,F,T,F,F,F,F,T,,N,N,,
1072,2,2,F,T,F,F,F,T,F,,N,Y,,
1073,3,2,F,T,F,F,F,F,T,,N,N,,
1074,2,2,F,T,F,F,F,T,F,,N,Y,,
1075,1,2,F,T,F,F,F,T,F,,N,Y,,
1076,0,2,F,T,F,F,F,F,T,,N,N,,
1077,2,2,F,T,F,F,F,F,T,,N,N,,
1078,0,2,F,T,F,F,F,F,T,,N,N,,
1079,0,2,F,T,F,F,F,F,T,,N,N,,
1080,0,2,F,T,F,F,F,F,T,,N,N,,
1081,0,2,F,T,F,F,F,F,T,,N,N,,
1082,1,2,F,T,F,F,F,F,T,,N,N,,
1083,33,2,F,T,F,F,F,F,T,,N,N,,
1084,2,2,F,T,F,F,F,F,T,,N,N,,
1085,5,2,F,T,F,F,F,T,F,,N,Y,,
1086,0,2,F,T,F,F,F,F,T,,N,N,,
1087,5,2,F,T,F,F,F,T,F,,N,Y,,
1088,3,2,F,T,F,F,F,F,T,,N,N,,
1089,5,2,F,T,F,F,F,T,F,,N,Y,,
1090,2,2,F,T,F,F,F,F,T,,N,N,,
1091,15,2,F,T,F,F,F,F,T,,N,N,,
1092,0,2,F,T,F,F,F,T,F,,N,Y,,
1093,1,2,F,T,F,F,F,F,T,,N,N,,
1094,2,2,F,T,F,F,F,T,F,,N,Y,,
1095,2,2,F,T,F,F,F,F,T,,N,N,,
1096,4,2,F,T,F,F,F,T,F,,N,Y,,
1097,3,2,F,T,F,F,F,F,T,,N,N,,
1098,2,2,F,T,F,F,F,F,T,,N,N,,
1099,0,2,F,T,F,F,F,F,T,,N,N,,
1100,1,2,F,T,F,F,F,F,T,,N,N,,
1101,7,2,F,T,F,F,F,T,F,,N,Y,,
1102,1,2,F,T,F,F,F,F,T,,N,N,,
1103,1,2,F,T,F,F,F,F,T,,N,N,,
1104,1,2,F,T,F,F,F,F,T,,N,N,,
1105,1,2,F,T,F,F,F,F,T,,N,N,,
1106,2,2,F,T,F,F,F,F,T,,N,N,,
1107,11,2,F,T,F,F,F,F,T,,N,N,,
1108,2,2,F,T,F,F,F,F,T,,N,N,,
1109,1,2,F,T,F,F,F,T,F,,N,Y,,
1110,2,2,F,T,F,F,F,F,T,,N,N,,
1111,2,2,F,T,F,F,F,T,F,,N,Y,,
1112,2,2,F,T,F,F,F,F,T,,N,N,,
1113,1,2,F,T,F,F,F,T,F,,N,Y,,
1114,8,2,F,T,F,F,F,F,T,,N,N,,
1115,2,2,F,T,F,F,F,T,F,,N,Y,,
1116,2,2,F,T,F,F,F,T,F,,N,Y,,
1117,1,2,F,T,F,F,F,F,T,,N,N,,
1118,3,2,F,T,F,F,F,T,F,,N,Y,,
1119,3,2,F,T,F,F,F,T,F,,N,Y,,
1120,10,2,F,T,F,F,F,F,T,,N,N,,
1121,39,2,F,T,F,F,F,F,T,,N,N,,
1122,17,2,F,T,F,F,F,F,T,,N,N,,
1123,2,2,F,T,F,F,F,F,T,,N,N,,
1124,0,2,F,T,F,F,F,F,T,,N,N,,
1125,0,2,F,T,F,F,F,F,T,,N,N,,
1126,0,2,F,T,F,F,F,T,F,,N,Y,,
1127,0,2,F,T,F,F,F,F,T,,N,N,,
1128,0,2,F,T,F,F,F,F,T,,N,N,,
1129,0,2,F,T,F,F,F,T,F,,N,Y,,
1130,0,2,F,T,F,F,F,F,T,,N,N,,
1131,0,2,F,T,F,F,F,T,F,,N,Y,,
1132,0,2,F,T,F,F,F,F,T,,N,N,,
1133,0,2,F,T,F,F,F,F,T,,N,N,,
1134,0,2,F,T,F,F,F,F,T,,N,N,,
1135,0,2,F,T,F,F,F,F,T,,N,N,,
1136,0,2,F,T,F,F,F,T,F,,N,Y,,
1137,0,2,F,T,F,F,F,F,T,,N,N,,
1138,0,2,F,T,F,F,F,F,T,,N,N,,
1139,0,2,F,T,F,F,F,T,F,,N,Y,,
1140,0,2,F,T,F,F,F,T,F,,N,Y,,
1141,0,2,F,T,F,F,F,F,T,,N,N,,
1142,0,2,F,T,F,F,F,F,T,,N,N,,
1143,0,2,F,T,F,F,F,F,T,,N,N,,
1144,0,2,F,T,F,F,F,F,T,,N,N,,
1145,0,2,F,T,F,F,F,F,T,,N,N,,
1146,0,2,F,T,F,F,F,F,T,,N,N,,
1147,0,2,F,T,F,F,F,F,T,,N,N,,
1148,0,2,F,T,F,F,F,F,T,,N,N,,
1149,0,2,F,T,F,F,F,F,T,,N,N,,
1150,0,2,F,T,F,F,F,F,T,,N,N,,
1151,0,2,F,T,F,F,F,F,T,,N,N,,
1152,0,2,F,T,F,F,F,F,T,,N,N,,
1153,0,2,F,T,F,F,F,F,T,,N,N,,
1154,0,2,F,T,F,F,F,F,T,,N,N,,
1155,0,2,F,T,F,F,F,T,F,,N,Y,,
1156,0,2,F,T,F,F,F,F,T,,N,N,,
1157,0,2,F,T,F,F,F,F,T,,N,N,,
1158,0,2,F,T,F,F,F,F,T,,N,N,,
1159,0,2,F,T,F,F,F,T,F,,N,Y,,
1161,0,2,F,T,F,F,F,F,T,,N,N,,
1162,0,2,F,T,F,F,F,F,T,,N,N,,
1163,0,2,F,T,F,F,F,F,T,,N,N,,
1164,0,2,F,T,F,F,F,F,T,,N,N,,
1165,0,2,F,T,F,F,F,F,T,,N,N,,
1166,0,2,F,T,F,F,F,F,T,,N,N,,
1167,0,2,F,T,F,F,F,F,T,,N,N,,
1168,0,2,F,T,F,F,F,F,T,,N,N,,
1169,0,2,F,T,F,F,F,F,T,,N,N,,
1170,0,2,F,T,F,F,F,F,T,,N,N,,
1171,0,2,F,T,F,F,F,F,T,,N,N,,
1172,0,2,F,T,F,F,F,F,T,,N,N,,
1173,0,2,F,T,F,F,F,F,T,,N,N,,
1174,0,2,F,T,F,F,F,F,T,,N,N,,
1175,0,2,F,T,F,F,F,F,T,,N,N,,
1176,0,2,F,T,F,F,F,F,T,,N,N,,
1178,0,2,F,T,F,F,F,F,T,,N,N,,
1180,0,2,F,T,F,F,F,T,F,,N,Y,,
1181,0,2,F,T,F,F,F,F,T,,N,N,,
1182,0,2,F,T,F,F,F,F,T,,N,N,,
1183,0,2,F,T,F,F,F,F,T,,N,N,,
1184,0,2,F,T,F,F,F,F,T,,N,N,,
1186,0,2,F,T,F,F,F,F,T,,N,N,,
1187,0,2,F,T,F,F,F,F,T,,N,N,,
1188,0,2,F,T,F,F,F,F,T,,N,N,,
1189,0,2,F,T,F,F,F,F,T,,N,N,,
1191,0,2,F,T,F,F,F,F,T,,N,N,,
1195,0,2,F,T,F,F,F,F,T,,N,N,,
1196,0,2,F,T,F,F,F,F,T,,N,N,,
1197,0,2,F,T,F,F,F,F,T,,N,N,,
1198,0,2,F,T,F,F,F,F,T,,N,N,,
1199,0,2,F,T,F,F,F,F,T,,N,N,,
1200,0,2,F,T,F,F,F,F,T,,N,N,,
1201,0,2,F,T,F,F,F,F,T,,N,N,,
1202,0,2,F,T,F,F,F,F,T,,N,N,,
1203,0,2,F,T,F,F,F,F,T,,N,N,,
1204,0,2,F,T,F,F,F,F,T,,N,N,,
1205,0,2,F,T,F,F,F,F,T,,N,N,,
1206,0,2,F,T,F,F,F,F,T,,N,N,,
1208,0,2,F,T,F,F,F,F,T,,N,N,,
1209,0,2,F,T,F,F,F,F,T,,N,N,,
1210,0,2,F,T,F,F,F,F,T,,N,N,,
1213,0,2,F,T,F,F,F,F,T,,N,N,,
1214,0,2,F,T,F,F,F,F,T,,N,N,,
1215,0,2,F,T,F,F,F,F,T,,N,N,,
1216,0,2,F,T,F,F,F,F,T,,N,N,,
1219,0,2,F,T,F,F,F,F,T,,N,N,,
1220,0,2,F,T,F,F,F,F,T,,N,N,,
1221,0,2,F,T,F,F,F,F,T,,N,N,,
1223,0,2,F,T,F,F,F,F,T,,N,N,,
1226,0,2,F,T,F,F,F,F,T,,N,N,,
1228,0,2,F,T,F,F,F,F,T,,N,N,,
1229,0,2,F,T,F,F,F,F,T,,N,N,,
1230,0,2,F,T,F,F,F,F,T,,N,N,,
1232,0,2,F,T,F,F,F,F,T,,N,N,,
1233,0,2,F,T,F,F,F,F,T,,N,N,,
1236,0,2,F,T,F,F,F,F,T,,N,N,,
1237,0,2,F,T,F,F,F,F,T,,N,N,,
1238,0,2,F,T,F,F,F,F,T,,N,N,,
1239,0,2,F,T,F,F,F,F,T,,N,N,,
1243,0,2,F,T,F,F,F,F,T,,N,N,,
1245,0,2,F,T,F,F,F,F,T,,N,N,,
1246,0,2,F,T,F,F,F,F,T,,N,N,,
8,3,3,F,F,T,F,F,F,T,,N,N,,
18,1,3,F,F,T,F,F,F,T,,N,N,,
21,3,3,F,F,T,F,F,F,T,,N,N,,
24,1,3,F,F,T,F,F,F,T,,N,N,,
25,1,3,F,F,T,F,F,F,T,,N,N,,
26,4,3,F,F,T,F,F,F,T,,N,N,,
27,0,3,F,F,T,F,F,F,T,,N,N,,
28,1,3,F,F,T,F,F,F,T,,N,N,,
29,0,3,F,F,T,F,F,F,T,,N,N,,
30,3,3,F,F,T,F,F,F,T,,N,N,,
31,2,3,F,F,T,F,F,F,T,,N,N,,
32,0,3,F,F,T,F,F,F,T,,N,N,,
33,1,3,F,F,T,F,F,F,T,,N,N,,
34,1,3,F,F,T,F,F,F,T,,N,N,,
36,1,3,F,F,T,F,F,F,T,,N,N,,
43,0,3,F,F,T,F,F,T,F,,N,N,,
44,0,3,F,F,T,F,T,F,F,,Y,N,,
45,0,3,F,F,T,F,T,F,F,,Y,N,,
46,0,3,F,F,T,F,F,T,F,,N,N,,
47,0,3,F,F,T,F,F,T,F,,N,N,,
48,0,3,F,F,T,F,T,F,F,,Y,N,,
49,4,3,F,F,T,F,F,F,T,,N,N,,
50,3,3,F,F,T,F,F,F,T,,N,N,,
56,0,3,F,F,T,F,F,F,T,,N,N,,
57,0,3,F,F,T,F,F,F,T,,N,N,,
58,1,3,F,F,T,F,F,F,T,,N,N,,
59,1,3,F,F,T,F,F,F,T,,N,N,,
60,1,3,F,F,T,F,F,F,T,,N,N,,
63,0,3,F,F,T,F,F,F,T,,N,N,,
64,3,3,F,F,T,F,F,F,T,,N,N,,
65,2,3,F,F,T,F,F,F,T,,N,N,,
66,1,3,F,F,T,F,F,F,T,,N,N,,
68,1,3,F,F,T,F,F,F,T,,N,N,,
69,0,3,F,F,T,F,F,F,T,,N,N,,
70,0,3,F,F,T,F,F,F,T,,N,N,,
71,0,3,F,F,T,F,F,F,T,,N,N,,
76,0,3,F,F,T,F,T,F,F,,Y,N,,
84,0,3,F,F,T,F,F,T,F,,N,N,,
102,0,3,F,F,T,F,F,T,F,,N,N,,
103,0,3,F,F,T,F,T,F,F,,Y,N,,
105,16,3,F,F,T,F,F,F,T,,N,N,,
107,0,3,F,F,T,F,F,F,T,,N,N,,
123,14,3,F,F,T,F,T,F,F,,Y,N,,
124,0,3,F,F,T,F,F,F,T,,N,N,,
125,0,3,F,F,T,F,F,F,T,,N,N,,
128,0,3,F,F,T,F,T,F,F,,Y,N,,
129,0,3,F,F,T,F,T,F,F,,Y,N,,
130,1,3,F,F,T,F,F,T,F,,N,N,,
132,2,3,F,F,T,F,F,F,T,,N,N,,
133,7,3,F,F,T,F,F,F,T,,N,N,,
134,0,3,F,F,T,F,F,F,T,,N,N,,
135,1,3,F,F,T,F,F,F,T,,N,N,,
136,1,3,F,F,T,F,F,F,T,,N,N,,
137,2,3,F,F,T,F,F,F,T,,N,N,,
138,0,3,F,F,T,F,T,F,F,,Y,N,,
139,0,3,F,F,T,F,F,T,F,,N,N,,
140,18,3,F,F,T,F,T,F,F,,Y,N,,
141,3,3,F,F,T,F,F,F,T,,N,N,,
144,0,3,F,F,T,F,T,F,F,,Y,N,,
145,0,3,F,F,T,F,F,T,F,,N,N,,
146,12,3,F,F,T,F,F,F,T,,N,N,,
147,0,3,F,F,T,F,F,F,T,,N,N,,
148,0,3,F,F,T,F,F,F,T,,N,N,,
151,8,3,F,F,T,F,F,F,T,,N,N,,
152,0,3,F,F,T,F,F,F,T,,N,N,,
154,0,3,F,F,T,F,T,F,F,,Y,N,,
156,2,3,F,F,T,F,F,F,T,,N,N,,
158,22,3,F,F,T,F,T,F,F,,Y,N,,
161,2,3,F,F,T,F,F,F,T,,N,N,,
162,0,3,F,F,T,F,F,F,T,,N,N,,
167,0,3,F,F,T,F,F,F,T,,N,N,,
170,1,3,F,F,T,F,F,F,T,,N,N,,
171,2,3,F,F,T,F,F,F,T,,N,N,,
172,0,3,F,F,T,F,F,T,F,,N,N,,
173,0,3,F,F,T,F,T,F,F,,Y,N,,
175,0,3,F,F,T,F,T,F,F,,Y,N,,
176,2,3,F,F,T,F,F,F,T,,N,N,,
177,0,3,F,F,T,F,F,F,T,,N,N,,
178,2,3,F,F,T,F,F,F,T,,N,N,,
179,0,3,F,F,T,F,T,F,F,,Y,N,,
180,0,3,F,F,T,F,F,F,T,,N,N,,
181,8,3,F,F,T,F,F,F,T,,N,N,,
182,7,3,F,F,T,F,F,F,T,,N,N,,
183,0,3,F,F,T,F,F,T,F,,N,N,,
184,14,3,F,F,T,F,T,F,F,,Y,N,,
188,1,3,F,F,T,F,F,T,F,,N,N,,
189,0,3,F,F,T,F,F,T,F,,N,N,,
190,0,3,F,F,T,F,F,T,F,,N,N,,
191,0,3,F,F,T,F,T,F,F,,Y,N,,
192,0,3,F,F,T,F,F,T,F,,N,N,,
193,0,3,F,F,T,F,T,F,F,,Y,N,,
194,0,3,F,F,T,F,F,T,F,,N,N,,
195,0,3,F,F,T,F,T,F,F,,Y,N,,
197,1,3,F,F,T,F,T,F,F,,Y,N,,
198,1,3,F,F,T,F,F,F,T,,N,N,,
199,1,3,F,F,T,F,F,T,F,,N,N,,
200,1,3,F,F,T,F,F,F,T,,N,N,,
201,5,3,F,F,T,F,T,F,F,,Y,N,,
204,0,3,F,F,T,F,T,F,F,,Y,N,,
205,0,3,F,F,T,F,F,T,F,,N,N,,
207,0,3,F,F,T,F,F,T,F,,N,N,,
208,44,3,F,F,T,F,T,F,F,,Y,N,,
209,6,3,F,F,T,F,F,T,F,,N,N,,
212,1,3,F,F,T,F,F,T,F,,N,N,,
213,0,3,F,F,T,F,F,T,F,,N,N,,
214,0,3,F,F,T,F,F,F,T,,N,N,,
215,0,3,F,F,T,F,F,F,T,,N,N,,
216,28,3,F,F,T,F,T,F,F,,Y,N,,
217,4,3,F,F,T,F,F,T,F,,N,N,,
220,0,3,F,F,T,F,F,T,F,,N,N,,
224,0,3,F,F,T,F,T,F,F,,Y,N,,
225,0,3,F,F,T,F,F,F,T,,N,N,,
226,0,3,F,F,T,F,F,F,T,,N,N,,
227,0,3,F,F,T,F,F,F,T,,N,N,,
228,0,3,F,F,T,F,F,F,T,,N,N,,
229,0,3,F,F,T,F,T,F,F,,Y,N,,
230,44,3,F,F,T,F,T,F,F,,Y,N,,
231,0,3,F,F,T,F,F,F,T,,N,N,,
253,49,3,F,F,T,F,T,F,F,,Y,N,,
254,1,3,F,F,T,F,F,T,F,,N,N,,
257,1,3,F,F,T,F,F,T,F,,N,N,,
287,0,3,F,F,T,F,F,F,T,,N,N,,
290,0,3,F,F,T,F,F,F,T,,N,N,,
291,0,3,F,F,T,F,F,F,T,,N,N,,
292,0,3,F,F,T,F,F,F,T,,N,N,,
293,0,3,F,F,T,F,F,F,T,,N,N,,
294,0,3,F,F,T,F,F,F,T,,N,N,,
295,0,3,F,F,T,F,F,F,T,,N,N,,
296,0,3,F,F,T,F,F,F,T,,N,N,,
297,0,3,F,F,T,F,F,F,T,,N,N,,
298,0,3,F,F,T,F,F,F,T,,N,N,,
299,0,3,F,F,T,F,F,F,T,,N,N,,
300,0,3,F,F,T,F,F,F,T,,N,N,,
301,0,3,F,F,T,F,F,F,T,,N,N,,
302,3,3,F,F,T,F,F,F,T,,N,N,,
307,3,3,F,F,T,F,F,T,F,,N,N,,
309,36,3,F,F,T,F,T,F,F,,Y,N,,
310,0,3,F,F,T,F,F,F,T,,N,N,,
311,0,3,F,F,T,F,F,F,T,,N,N,,
312,2,3,F,F,T,F,F,F,T,,N,N,,
313,6,3,F,F,T,F,F,F,T,,N,N,,
314,14,3,F,F,T,F,T,F,F,,Y,N,,
315,0,3,F,F,T,F,F,F,T,,N,N,,
316,26,3,F,F,T,F,T,F,F,,Y,N,,
317,0,3,F,F,T,F,F,F,T,,N,N,,
318,6,3,F,F,T,F,F,F,T,,N,N,,
320,14,3,F,F,T,F,F,F,T,,N,N,,
321,0,3,F,F,T,F,T,F,F,,Y,N,,
322,4,3,F,F,T,F,F,F,T,,N,N,,
326,0,3,F,F,T,F,T,F,F,,Y,N,,
327,14,3,F,F,T,F,F,F,T,,N,N,,
328,4,3,F,F,T,F,T,F,F,,Y,N,,
330,3,3,F,F,T,F,F,F,T,,N,N,,
332,2,3,F,F,T,F,F,F,T,,N,N,,
333,13,3,F,F,T,F,T,F,F,,Y,N,,
334,3,3,F,F,T,F,F,T,F,,N,N,,
336,1,3,F,F,T,F,F,F,T,,N,N,,
337,6,3,F,F,T,F,F,T,F,,N,N,,
338,44,3,F,F,T,F,T,F,F,,Y,N,,
341,11,3,F,F,T,F,F,T,F,,N,N,,
342,3,3,F,F,T,F,F,T,F,,N,N,,
343,1,3,F,F,T,F,F,T,F,,N,N,,
345,0,3,F,F,T,F,T,F,F,,Y,N,,
346,0,3,F,F,T,F,F,F,T,,N,N,,
347,0,3,F,F,T,F,T,F,F,,Y,N,,
349,0,3,F,F,T,F,F,T,F,,N,N,,
350,0,3,F,F,T,F,F,F,T,,N,N,,
351,0,3,F,F,T,F,F,F,T,,N,N,,
352,0,3,F,F,T,F,F,T,F,,N,N,,
353,0,3,F,F,T,F,F,F,T,,N,N,,
355,1,3,F,F,T,F,T,F,F,,Y,N,,
357,0,3,F,F,T,F,T,F,F,,Y,N,,
358,1,3,F,F,T,F,T,F,F,,Y,N,,
359,2,3,F,F,T,F,F,T,F,,N,N,,
360,3,3,F,F,T,F,F,T,F,,N,N,,
361,0,3,F,F,T,F,F,T,F,,N,N,,
362,0,3,F,F,T,F,F,F,T,,N,N,,
363,2,3,F,F,T,F,F,F,T,,N,N,,
369,54,3,F,F,T,F,T,F,F,,Y,N,,
370,2,3,F,F,T,F,F,T,F,,N,N,,
372,0,3,F,F,T,F,F,T,F,,N,N,,
374,0,3,F,F,T,F,T,F,F,,Y,N,,
375,45,3,F,F,T,F,F,T,F,,N,N,,
376,1,3,F,F,T,F,T,F,F,,Y,N,,
377,45,3,F,F,T,F,T,F,F,,Y,N,,
379,3,3,F,F,T,F,F,F,T,,N,N,,
382,31,3,F,F,T,F,F,T,F,,N,N,,
384,0,3,F,F,T,F,T,F,F,,Y,N,,
386,0,3,F,F,T,F,T,F,F,,Y,N,,
387,1,3,F,F,T,F,F,F,T,,N,N,,
393,0,3,F,F,T,F,F,T,F,,N,N,,
399,1,3,F,F,T,F,F,T,F,,N,N,,
400,0,3,F,F,T,F,F,F,T,,N,N,,
402,7,3,F,F,T,F,F,F,T,,N,N,,
403,26,3,F,F,T,F,T,F,F,,Y,N,,
404,0,3,F,F,T,F,F,T,F,,N,N,,
405,0,3,F,F,T,F,F,T,F,,N,N,,
406,3,3,F,F,T,F,F,F,T,,N,N,,
409,0,3,F,F,T,F,F,F,T,,N,N,,
410,0,3,F,F,T,F,F,T,F,,N,N,,
411,2,3,F,F,T,F,F,F,T,,N,N,,
413,3,3,F,F,T,F,F,T,F,,N,N,,
414,6,3,F,F,T,F,F,F,T,,N,N,,
416,0,3,F,F,T,F,T,F,F,,Y,N,,
417,0,3,F,F,T,F,F,T,F,,N,N,,
418,0,3,F,F,T,F,T,F,F,,Y,N,,
419,0,3,F,F,T,F,T,F,F,,Y,N,,
420,50,3,F,F,T,F,T,F,F,,Y,N,,
421,6,3,F,F,T,F,F,F,T,,N,N,,
422,1,3,F,F,T,F,F,T,F,,N,N,,
424,2,3,F,F,T,F,F,F,T,,N,N,,
425,0,3,F,F,T,F,T,F,F,,Y,N,,
426,0,3,F,F,T,F,F,T,F,,N,N,,
427,2,3,F,F,T,F,F,F,T,,N,N,,
428,0,3,F,F,T,F,T,F,F,,Y,N,,
431,0,3,F,F,T,F,F,F,T,,N,N,,
435,0,3,F,F,T,F,F,F,T,,N,N,,
436,0,3,F,F,T,F,F,F,T,,N,N,,
437,0,3,F,F,T,F,F,F,T,,N,N,,
438,4,3,F,F,T,F,T,F,F,,Y,N,,
439,2,3,F,F,T,F,F,F,T,,N,N,,
440,0,3,F,F,T,F,F,F,T,,N,N,,
441,0,3,F,F,T,F,F,F,T,,N,N,,
442,1,3,F,F,T,F,F,F,T,,N,N,,
443,1,3,F,F,T,F,F,F,T,,N,N,,
445,2,3,F,F,T,F,F,T,F,,N,N,,
446,12,3,F,F,T,F,F,F,T,,N,N,,
447,294,3,F,F,T,F,T,F,F,,Y,N,,
448,9,3,F,F,T,F,T,F,F,,Y,N,,
449,0,3,F,F,T,F,F,F,T,,N,N,,
450,2,3,F,F,T,F,F,F,T,,N,N,,
451,0,3,F,F,T,F,T,F,F,,Y,N,,
452,189,3,F,F,T,F,T,F,F,,Y,N,,
453,0,3,F,F,T,F,F,F,T,,N,N,,
454,200,3,F,F,T,F,T,F,F,,Y,N,,
455,3,3,F,F,T,F,F,F,T,,N,N,,
456,1,3,F,F,T,F,F,F,T,,N,N,,
459,0,3,F,F,T,F,F,T,F,,N,N,,
465,0,3,F,F,T,F,F,T,F,,N,N,,
466,0,3,F,F,T,F,F,T,F,,N,N,,
467,0,3,F,F,T,F,T,F,F,,Y,N,,
468,0,3,F,F,T,F,T,F,F,,Y,N,,
469,0,3,F,F,T,F,F,T,F,,N,N,,
483,0,3,F,F,T,F,F,F,T,,N,N,,
484,10,3,F,F,T,F,F,F,T,,N,N,,
508,0,3,F,F,T,F,F,F,T,,N,N,,
511,0,3,F,F,T,F,F,T,F,,N,N,,
529,5,3,F,F,T,F,T,F,F,,Y,N,,
531,2,3,F,F,T,F,F,F,T,,N,N,,
532,1,3,F,F,T,F,F,F,T,,N,N,,
533,2,3,F,F,T,F,F,T,F,,N,N,,
534,0,3,F,F,T,F,F,F,T,,N,N,,
535,6,3,F,F,T,F,F,F,T,,N,N,,
540,0,3,F,F,T,F,F,F,T,,N,N,,
541,0,3,F,F,T,F,F,F,T,,N,N,,
547,1,3,F,F,T,F,F,F,T,,N,N,,
548,3,3,F,F,T,F,F,F,T,,N,N,,
549,1,3,F,F,T,F,F,F,T,,N,N,,
551,1,3,F,F,T,F,F,T,F,,N,N,,
552,24,3,F,F,T,F,F,T,F,,N,N,,
553,36,3,F,F,T,F,T,F,F,,Y,N,,
554,0,3,F,F,T,F,F,T,F,,N,N,,
555,1,3,F,F,T,F,F,F,T,,N,N,,
556,20,3,F,F,T,F,F,F,T,,N,N,,
557,2,3,F,F,T,F,F,F,T,,N,N,,
558,0,3,F,F,T,F,F,F,T,,N,N,,
559,1,3,F,F,T,F,F,T,F,,N,N,,
560,1,3,F,F,T,F,F,T,F,,N,N,,
561,6,3,F,F,T,F,T,F,F,,Y,N,,
562,2,3,F,F,T,F,F,T,F,,N,N,,
565,49,3,F,F,T,F,T,F,F,,Y,N,,
566,41,3,F,F,T,F,F,T,F,,N,N,,
568,0,3,F,F,T,F,F,F,T,,N,N,,
577,0,3,F,F,T,F,F,F,T,,N,N,,
579,4,3,F,F,T,F,F,F,T,,N,N,,
580,0,3,F,F,T,F,F,T,F,,N,N,,
581,7,3,F,F,T,F,T,F,F,,Y,N,,
582,5,3,F,F,T,F,F,T,F,,N,N,,
583,0,3,F,F,T,F,T,F,F,,Y,N,,
584,14,3,F,F,T,F,F,T,F,,N,N,,
586,4,3,F,F,T,F,F,F,T,,N,N,,
587,5,3,F,F,T,F,F,T,F,,N,N,,
588,1,3,F,F,T,F,T,F,F,,Y,N,,
607,1,3,F,F,T,F,T,F,F,,Y,N,,
608,1,3,F,F,T,F,F,F,T,,N,N,,
609,22,3,F,F,T,F,T,F,F,,Y,N,,
616,5,3,F,F,T,F,F,T,F,,N,N,,
620,82,3,F,F,T,F,T,F,F,,Y,N,,
622,80,3,F,F,T,F,T,F,F,,Y,N,,
623,4,3,F,F,T,F,F,T,F,,N,N,,
624,1,3,F,F,T,F,F,T,F,,N,N,,
625,0,3,F,F,T,F,T,F,F,,Y,N,,
628,0,3,F,F,T,F,F,T,F,,N,N,,
629,3,3,F,F,T,F,F,F,T,,N,N,,
631,5,3,F,F,T,F,F,F,T,,N,N,,
632,0,3,F,F,T,F,F,T,F,,N,N,,
633,35,3,F,F,T,F,T,F,F,,Y,N,,
634,0,3,F,F,T,F,F,F,T,,N,N,,
635,0,3,F,F,T,F,T,F,F,,Y,N,,
636,1,3,F,F,T,F,F,F,T,,N,N,,
637,9,3,F,F,T,F,F,F,T,,N,N,,
638,3,3,F,F,T,F,F,F,T,,N,N,,
639,4,3,F,F,T,F,F,F,T,,N,N,,
640,0,3,F,F,T,F,F,T,F,,N,N,,
644,8,3,F,F,T,F,T,F,F,,Y,N,,
646,1,3,F,F,T,F,F,F,T,,N,N,,
647,27,3,F,F,T,F,T,F,F,,Y,N,,
649,0,3,F,F,T,F,F,T,F,,N,N,,
650,0,3,F,F,T,F,F,F,T,,N,N,,
651,0,3,F,F,T,F,F,F,T,,N,N,,
653,3,3,F,F,T,F,F,F,T,,N,N,,
654,6,3,F,F,T,F,T,F,F,,Y,N,,
656,0,3,F,F,T,F,F,T,F,,N,N,,
657,3,3,F,F,T,F,F,F,T,,N,N,,
659,0,3,F,F,T,F,F,T,F,,N,N,,
663,6,3,F,F,T,F,T,F,F,,Y,N,,
664,0,3,F,F,T,F,F,T,F,,N,N,,
665,14,3,F,F,T,F,T,F,F,,Y,N,,
666,9,3,F,F,T,F,F,T,F,,N,N,,
668,16,3,F,F,T,F,F,F,T,,N,N,,
670,0,3,F,F,T,F,T,F,F,,Y,N,,
673,0,3,F,F,T,F,F,T,F,,N,N,,
675,0,3,F,F,T,F,F,F,T,,N,N,,
678,2,3,F,F,T,F,F,F,T,,N,N,,
679,0,3,F,F,T,F,T,F,F,,Y,N,,
680,1,3,F,F,T,F,F,F,T,,N,N,,
681,1,3,F,F,T,F,F,T,F,,N,N,,
682,2,3,F,F,T,F,F,F,T,,N,N,,
683,4,3,F,F,T,F,F,F,T,,N,N,,
684,54,3,F,F,T,F,T,F,F,,Y,N,,
686,0,3,F,F,T,F,F,F,T,,N,N,,
688,0,3,F,F,T,F,F,F,T,,N,N,,
689,1,3,F,F,T,F,F,F,T,,N,N,,
690,0,3,F,F,T,F,F,F,T,,N,N,,
691,0,3,F,F,T,F,F,F,T,,N,N,,
692,0,3,F,F,T,F,F,F,T,,N,N,,
693,0,3,F,F,T,F,T,F,F,,Y,N,,
694,0,3,F,F,T,F,F,F,T,,N,N,,
696,1,3,F,F,T,F,F,F,T,,N,N,,
697,14,3,F,F,T,F,F,F,T,,N,N,,
701,0,3,F,F,T,F,F,F,T,,N,N,,
702,0,3,F,F,T,F,T,F,F,,Y,N,,
703,3,3,F,F,T,F,F,T,F,,N,N,,
704,0,3,F,F,T,F,T,F,F,,Y,N,,
705,0,3,F,F,T,F,F,T,F,,N,N,,
706,78,3,F,F,T,F,T,F,F,,Y,N,,
708,3,3,F,F,T,F,F,T,F,,N,N,,
709,2,3,F,F,T,F,F,F,T,,N,N,,
710,0,3,F,F,T,F,T,F,F,,Y,N,,
711,1,3,F,F,T,F,F,F,T,,N,N,,
712,3,3,F,F,T,F,F,F,T,,N,N,,
714,1,3,F,F,T,F,F,F,T,,N,N,,
715,0,3,F,F,T,F,T,F,F,,Y,N,,
717,7,3,F,F,T,F,F,T,F,,N,N,,
718,1,3,F,F,T,F,F,T,F,,N,N,,
719,1,3,F,F,T,F,T,F,F,,Y,N,,
720,34,3,F,F,T,F,T,F,F,,Y,N,,
721,10,3,F,F,T,F,F,F,T,,N,N,,
722,1,3,F,F,T,F,F,F,T,,N,N,,
723,1,3,F,F,T,F,F,T,F,,N,N,,
724,53,3,F,F,T,F,T,F,F,,Y,N,,
725,3,3,F,F,T,F,F,F,T,,N,N,,
726,27,3,F,F,T,F,T,F,F,,Y,N,,
727,1,3,F,F,T,F,F,T,F,,N,N,,
729,3,3,F,F,T,F,F,F,T,,N,N,,
731,7,3,F,F,T,F,F,F,T,,N,N,,
732,5,3,F,F,T,F,F,T,F,,N,N,,
733,0,3,F,F,T,F,F,T,F,,N,N,,
734,1,3,F,F,T,F,F,F,T,,N,N,,
736,1,3,F,F,T,F,F,F,T,,N,N,,
740,2,3,F,F,T,F,F,F,T,,N,N,,
741,44,3,F,F,T,F,T,F,F,,Y,N,,
742,2,3,F,F,T,F,F,F,T,,N,N,,
743,0,3,F,F,T,F,F,F,T,,N,N,,
744,1,3,F,F,T,F,F,F,T,,N,N,,
745,7,3,F,F,T,F,T,F,F,,Y,N,,
746,1,3,F,F,T,F,F,F,T,,N,N,,
748,17,3,F,F,T,F,F,F,T,,N,N,,
749,3,3,F,F,T,F,F,F,T,,N,N,,
753,0,3,F,F,T,F,F,F,T,,N,N,,
755,1,3,F,F,T,F,F,F,T,,N,N,,
756,1,3,F,F,T,F,F,F,T,,N,N,,
757,2,3,F,F,T,F,F,F,T,,N,N,,
759,1,3,F,F,T,F,F,F,T,,N,N,,
760,1,3,F,F,T,F,F,F,T,,N,N,,
761,1,3,F,F,T,F,F,T,F,,N,N,,
762,1,3,F,F,T,F,F,F,T,,N,N,,
768,1,3,F,F,T,F,F,F,T,,N,N,,
769,5,3,F,F,T,F,F,F,T,,N,N,,
770,1,3,F,F,T,F,F,F,T,,N,N,,
771,8,3,F,F,T,F,F,F,T,,N,N,,
772,6,3,F,F,T,F,F,F,T,,N,N,,
773,0,3,F,F,T,F,F,F,T,,N,N,,
774,27,3,F,F,T,F,T,F,F,,Y,N,,
776,16,3,F,F,T,F,F,T,F,,N,N,,
777,9,3,F,F,T,F,F,F,T,,N,N,,
778,0,3,F,F,T,F,F,F,T,,N,N,,
779,1,3,F,F,T,F,F,F,T,,N,N,,
782,0,3,F,F,T,F,F,F,T,,N,N,,
783,0,3,F,F,T,F,F,F,T,,N,N,,
786,0,3,F,F,T,F,T,F,F,,Y,N,,
787,1,3,F,F,T,F,F,T,F,,N,N,,
788,0,3,F,F,T,F,F,F,T,,N,N,,
789,0,3,F,F,T,F,F,T,F,,N,N,,
790,0,3,F,F,T,F,F,F,T,,N,N,,
791,0,3,F,F,T,F,T,F,F,,Y,N,,
792,8,3,F,F,T,F,F,T,F,,N,N,,
793,12,3,F,F,T,F,T,F,F,,Y,N,,
794,2,3,F,F,T,F,F,T,F,,N,N,,
795,1,3,F,F,T,F,F,F,T,,N,N,,
796,0,3,F,F,T,F,F,F,T,,N,N,,
798,0,3,F,F,T,F,F,F,T,,N,N,,
799,3,3,F,F,T,F,F,F,T,,N,N,,
801,0,3,F,F,T,F,T,F,F,,Y,N,,
802,4,3,F,F,T,F,F,T,F,,N,N,,
803,2,3,F,F,T,F,F,T,F,,N,N,,
804,5,3,F,F,T,F,F,F,T,,N,N,,
805,1,3,F,F,T,F,F,F,T,,N,N,,
806,1,3,F,F,T,F,F,F,T,,N,N,,
809,0,3,F,F,T,F,F,F,T,,N,N,,
812,1,3,F,F,T,F,F,F,T,,N,N,,
813,0,3,F,F,T,F,F,F,T,,N,N,,
816,13,3,F,F,T,F,T,F,F,,Y,N,,
817,0,3,F,F,T,F,F,T,F,,N,N,,
818,122,3,F,F,T,F,T,F,F,,Y,N,,
819,52,3,F,F,T,F,T,F,F,,Y,N,,
820,0,3,F,F,T,F,F,F,T,,N,N,,
821,0,3,F,F,T,F,F,F,T,,N,N,,
822,7,3,F,F,T,F,T,F,F,,Y,N,,
823,0,3,F,F,T,F,F,F,T,,N,N,,
824,1,3,F,F,T,F,F,F,T,,N,N,,
825,1,3,F,F,T,F,F,F,T,,N,N,,
826,1,3,F,F,T,F,F,F,T,,N,N,,
827,1,3,F,F,T,F,F,F,T,,N,N,,
835,0,3,F,F,T,F,F,T,F,,N,N,,
837,7,3,F,F,T,F,F,T,F,,N,N,,
838,5,3,F,F,T,F,F,T,F,,N,N,,
839,42,3,F,F,T,F,T,F,F,,Y,N,,
841,0,3,F,F,T,F,F,F,T,,N,N,,
842,39,3,F,F,T,F,T,F,F,,Y,N,,
844,3,3,F,F,T,F,F,F,T,,N,N,,
845,3,3,F,F,T,F,F,T,F,,N,N,,
846,0,3,F,F,T,F,F,T,F,,N,N,,
847,2,3,F,F,T,F,T,F,F,,Y,N,,
848,0,3,F,F,T,F,F,T,F,,N,N,,
850,1,3,F,F,T,F,F,F,T,,N,N,,
851,14,3,F,F,T,F,T,F,F,,Y,N,,
853,0,3,F,F,T,F,T,F,F,,Y,N,,
856,0,3,F,F,T,F,T,F,F,,Y,N,,
857,4,3,F,F,T,F,F,T,F,,N,N,,
858,15,3,F,F,T,F,T,F,F,,Y,N,,
859,5,3,F,F,T,F,F,T,F,,N,N,,
860,0,3,F,F,T,F,F,T,F,,N,N,,
861,5,3,F,F,T,F,F,T,F,,N,N,,
862,2,3,F,F,T,F,F,T,F,,N,N,,
863,35,3,F,F,T,F,T,F,F,,Y,N,,
864,76,3,F,F,T,F,F,F,T,,N,N,,
865,8,3,F,F,T,F,F,T,F,,N,N,,
866,9,3,F,F,T,F,F,T,F,,N,N,,
867,0,3,F,F,T,F,F,T,F,,N,N,,
868,5,3,F,F,T,F,F,F,T,,N,N,,
869,1,3,F,F,T,F,F,F,T,,N,N,,
871,2,3,F,F,T,F,F,F,T,,N,N,,
872,0,3,F,F,T,F,F,F,T,,N,N,,
873,0,3,F,F,T,F,F,F,T,,N,N,,
875,41,3,F,F,T,F,T,F,F,,Y,N,,
876,17,3,F,F,T,F,T,F,F,,Y,N,,
877,3,3,F,F,T,F,F,T,F,,N,N,,
878,4,3,F,F,T,F,F,T,F,,N,N,,
879,2,3,F,F,T,F,F,F,T,,N,N,,
880,12,3,F,F,T,F,F,T,F,,N,N,,
882,0,3,F,F,T,F,F,F,T,,N,N,,
883,0,3,F,F,T,F,F,F,T,,N,N,,
884,1,3,F,F,T,F,F,F,T,,N,N,,
885,0,3,F,F,T,F,F,F,T,,N,N,,
887,0,3,F,F,T,F,F,F,T,,N,N,,
888,7,3,F,F,T,F,F,F,T,,N,N,,
892,0,3,F,F,T,F,F,F,T,,N,N,,
894,0,3,F,F,T,F,F,T,F,,N,N,,
895,12,3,F,F,T,F,T,F,F,,Y,N,,
896,1,3,F,F,T,F,F,T,F,,N,N,,
897,0,3,F,F,T,F,T,F,F,,Y,N,,
898,0,3,F,F,T,F,F,T,F,,N,N,,
899,0,3,F,F,T,F,F,T,F,,N,N,,
900,89,3,F,F,T,F,T,F,F,,Y,N,,
901,3,3,F,F,T,F,F,T,F,,N,N,,
902,11,3,F,F,T,F,F,F,T,,N,N,,
905,42,3,F,F,T,F,T,F,F,,Y,N,,
906,12,3,F,F,T,F,F,T,F,,N,N,,
907,11,3,F,F,T,F,F,T,F,,N,N,,
908,0,3,F,F,T,F,F,F,T,,N,N,,
909,9,3,F,F,T,F,F,F,T,,N,N,,
910,54,3,F,F,T,F,T,F,F,,Y,N,,
912,1,3,F,F,T,F,F,F,T,,N,N,,
913,0,3,F,F,T,F,F,F,T,,N,N,,
914,1,3,F,F,T,F,F,F,T,,N,N,,
915,0,3,F,F,T,F,F,F,T,,N,N,,
916,1,3,F,F,T,F,F,F,T,,N,N,,
917,18,3,F,F,T,F,F,T,F,,N,N,,
918,63,3,F,F,T,F,T,F,F,,Y,N,,
919,44,3,F,F,T,F,F,F,T,,N,N,,
920,0,3,F,F,T,F,T,F,F,,Y,N,,
921,1,3,F,F,T,F,F,F,T,,N,N,,
922,0,3,F,F,T,F,T,F,F,,Y,N,,
923,0,3,F,F,T,F,T,F,F,,Y,N,,
924,8,3,F,F,T,F,F,T,F,,N,N,,
925,0,3,F,F,T,F,T,F,F,,Y,N,,
926,40,3,F,F,T,F,T,F,F,,Y,N,,
927,56,3,F,F,T,F,T,F,F,,Y,N,,
928,3,3,F,F,T,F,F,T,F,,N,N,,
929,16,3,F,F,T,F,T,F,F,,Y,N,,
931,4,3,F,F,T,F,T,F,F,,Y,N,,
932,1,3,F,F,T,F,F,T,F,,N,N,,
933,18,3,F,F,T,F,T,F,F,,Y,N,,
934,1,3,F,F,T,F,F,T,F,,N,N,,
935,0,3,F,F,T,F,F,F,T,,N,N,,
936,16,3,F,F,T,F,T,F,F,,Y,N,,
937,0,3,F,F,T,F,F,T,F,,N,N,,
938,0,3,F,F,T,F,F,F,T,,N,N,,
939,0,3,F,F,T,F,F,T,F,,N,N,,
940,82,3,F,F,T,F,T,F,F,,Y,N,,
941,0,3,F,F,T,F,T,F,F,,Y,N,,
942,42,3,F,F,T,F,T,F,F,,Y,N,,
943,83,3,F,F,T,F,T,F,F,,Y,N,,
944,9,3,F,F,T,F,T,F,F,,Y,N,,
946,0,3,F,F,T,F,F,F,T,,N,N,,
947,1,3,F,F,T,F,F,T,F,,N,N,,
948,29,3,F,F,T,F,F,T,F,,N,N,,
949,11,3,F,F,T,F,F,T,F,,N,N,,
951,18,3,F,F,T,F,F,T,F,,N,N,,
952,7,3,F,F,T,F,F,T,F,,N,N,,
953,37,3,F,F,T,F,F,T,F,,N,N,,
954,16,3,F,F,T,F,F,T,F,,N,N,,
956,4,3,F,F,T,F,F,T,F,,N,N,,
957,3,3,F,F,T,F,T,F,F,,Y,N,,
958,25,3,F,F,T,F,T,F,F,,Y,N,,
959,54,3,F,F,T,F,T,F,F,,Y,N,,
961,16,3,F,F,T,F,T,F,F,,Y,N,,
962,4,3,F,F,T,F,T,F,F,,Y,N,,
963,23,3,F,F,T,F,T,F,F,,Y,N,,
964,54,3,F,F,T,F,T,F,F,,Y,N,,
966,13,3,F,F,T,F,T,F,F,,Y,N,,
967,0,3,F,F,T,F,F,T,F,,N,N,,
968,23,3,F,F,T,F,F,T,F,,N,N,,
969,4,3,F,F,T,F,F,T,F,,N,N,,
971,3,3,F,F,T,F,F,T,F,,N,N,,
972,0,3,F,F,T,F,F,T,F,,N,N,,
973,34,3,F,F,T,F,F,T,F,,N,N,,
974,3,3,F,F,T,F,F,T,F,,N,N,,
975,9,3,F,F,T,F,F,T,F,,N,N,,
977,11,3,F,F,T,F,T,F,F,,Y,N,,
978,39,3,F,F,T,F,T,F,F,,Y,N,,
979,51,3,F,F,T,F,T,F,F,,Y,N,,
981,2,3,F,F,T,F,T,F,F,,Y,N,,
982,12,3,F,F,T,F,F,T,F,,N,N,,
983,34,3,F,F,T,F,F,T,F,,N,N,,
984,15,3,F,F,T,F,F,T,F,,N,N,,
986,12,3,F,F,T,F,F,T,F,,N,N,,
987,141,3,F,F,T,F,T,F,F,,Y,N,,
988,82,3,F,F,T,F,T,F,F,,Y,N,,
989,23,3,F,F,T,F,T,F,F,,Y,N,,
991,17,3,F,F,T,F,T,F,F,,Y,N,,
992,1,3,F,F,T,F,F,F,T,,N,N,,
993,1,3,F,F,T,F,F,F,T,,N,N,,
994,24,3,F,F,T,F,F,F,T,,N,N,,
995,1,3,F,F,T,F,F,F,T,,N,N,,
996,3,3,F,F,T,F,F,F,T,,N,N,,
997,1,3,F,F,T,F,F,F,T,,N,N,,
998,0,3,F,F,T,F,F,F,T,,N,N,,
999,0,3,F,F,T,F,F,F,T,,N,N,,
1001,0,3,F,F,T,F,F,F,T,,N,N,,
1002,4,3,F,F,T,F,F,F,T,,N,N,,
1003,0,3,F,F,T,F,F,F,T,,N,N,,
1004,74,3,F,F,T,F,T,F,F,,Y,N,,
1006,12,3,F,F,T,F,F,F,T,,N,N,,
1007,8,3,F,F,T,F,T,F,F,,Y,N,,
1008,4,3,F,F,T,F,F,T,F,,N,N,,
1009,5,3,F,F,T,F,F,T,F,,N,N,,
1010,9,3,F,F,T,F,T,F,F,,Y,N,,
1011,5,3,F,F,T,F,T,F,F,,Y,N,,
1012,4,3,F,F,T,F,F,T,F,,N,N,,
1013,7,3,F,F,T,F,F,T,F,,N,N,,
1014,4,3,F,F,T,F,T,F,F,,Y,N,,
1015,4,3,F,F,T,F,F,T,F,,N,N,,
1016,6,3,F,F,T,F,T,F,F,,Y,N,,
1017,0,3,F,F,T,F,F,F,T,,N,N,,
1018,0,3,F,F,T,F,F,F,T,,N,N,,
1019,0,3,F,F,T,F,F,F,T,,N,N,,
1020,1,3,F,F,T,F,F,F,T,,N,N,,
1021,0,3,F,F,T,F,F,F,T,,N,N,,
1022,0,3,F,F,T,F,F,F,T,,N,N,,
1023,0,3,F,F,T,F,F,F,T,,N,N,,
1024,1,3,F,F,T,F,F,F,T,,N,N,,
1025,11,3,F,F,T,F,F,T,F,,N,N,,
1026,10,3,F,F,T,F,T,F,F,,Y,N,,
1027,0,3,F,F,T,F,F,T,F,,N,N,,
1028,0,3,F,F,T,F,F,F,T,,N,N,,
1029,2,3,F,F,T,F,F,T,F,,N,N,,
1030,0,3,F,F,T,F,T,F,F,,Y,N,,
1031,2,3,F,F,T,F,F,T,F,,N,N,,
1032,12,3,F,F,T,F,F,T,F,,N,N,,
1033,0,3,F,F,T,F,F,F,T,,N,N,,
1034,43,3,F,F,T,F,T,F,F,,Y,N,,
1035,3,3,F,F,T,F,F,F,T,,N,N,,
1036,3,3,F,F,T,F,F,T,F,,N,N,,
1037,27,3,F,F,T,F,F,T,F,,N,N,,
1038,7,3,F,F,T,F,F,T,F,,N,N,,
1039,50,3,F,F,T,F,T,F,F,,Y,N,,
1040,70,3,F,F,T,F,T,F,F,,Y,N,,
1041,0,3,F,F,T,F,T,F,F,,Y,N,,
1042,1,3,F,F,T,F,T,F,F,,Y,N,,
1043,8,3,F,F,T,F,F,T,F,,N,N,,
1044,15,3,F,F,T,F,T,F,F,,Y,N,,
1045,5,3,F,F,T,F,F,F,T,,N,N,,
1047,1,3,F,F,T,F,F,T,F,,N,N,,
1048,1,3,F,F,T,F,F,F,T,,N,N,,
1049,2,3,F,F,T,F,F,F,T,,N,N,,
1050,9,3,F,F,T,F,F,F,T,,N,N,,
1051,1,3,F,F,T,F,F,T,F,,N,N,,
1052,10,3,F,F,T,F,F,T,F,,N,N,,
1053,0,3,F,F,T,F,F,F,T,,N,N,,
1054,2,3,F,F,T,F,F,F,T,,N,N,,
1055,1,3,F,F,T,F,F,F,T,,N,N,,
1056,4,3,F,F,T,F,F,T,F,,N,N,,
1057,11,3,F,F,T,F,F,F,T,,N,N,,
1058,7,3,F,F,T,F,F,F,T,,N,N,,
1059,0,3,F,F,T,F,F,F,T,,N,N,,
1060,0,3,F,F,T,F,F,F,T,,N,N,,
1061,3,3,F,F,T,F,F,T,F,,N,N,,
1062,0,3,F,F,T,F,F,F,T,,N,N,,
1063,0,3,F,F,T,F,F,F,T,,N,N,,
1064,3,3,F,F,T,F,F,F,T,,N,N,,
1065,0,3,F,F,T,F,F,F,T,,N,N,,
1066,8,3,F,F,T,F,F,F,T,,N,N,,
1067,9,3,F,F,T,F,F,F,T,,N,N,,
1068,2,3,F,F,T,F,F,T,F,,N,N,,
1069,24,3,F,F,T,F,F,T,F,,N,N,,
1070,0,3,F,F,T,F,F,F,T,,N,N,,
1071,4,3,F,F,T,F,F,F,T,,N,N,,
1072,7,3,F,F,T,F,F,T,F,,N,N,,
1073,2,3,F,F,T,F,F,F,T,,N,N,,
1074,4,3,F,F,T,F,F,T,F,,N,N,,
1075,6,3,F,F,T,F,F,T,F,,N,N,,
1076,7,3,F,F,T,F,F,F,T,,N,N,,
1077,2,3,F,F,T,F,F,F,T,,N,N,,
1078,0,3,F,F,T,F,F,F,T,,N,N,,
1079,0,3,F,F,T,F,F,F,T,,N,N,,
1080,2,3,F,F,T,F,F,F,T,,N,N,,
1081,0,3,F,F,T,F,F,F,T,,N,N,,
1082,0,3,F,F,T,F,F,F,T,,N,N,,
1083,0,3,F,F,T,F,F,F,T,,N,N,,
1084,0,3,F,F,T,F,F,F,T,,N,N,,
1085,3,3,F,F,T,F,F,T,F,,N,N,,
1086,28,3,F,F,T,F,F,F,T,,N,N,,
1087,7,3,F,F,T,F,F,T,F,,N,N,,
1088,1,3,F,F,T,F,F,F,T,,N,N,,
1089,8,3,F,F,T,F,F,T,F,,N,N,,
1090,4,3,F,F,T,F,F,F,T,,N,N,,
1091,25,3,F,F,T,F,F,F,T,,N,N,,
1092,1,3,F,F,T,F,F,T,F,,N,N,,
1093,1,3,F,F,T,F,F,F,T,,N,N,,
1094,2,3,F,F,T,F,F,T,F,,N,N,,
1095,0,3,F,F,T,F,F,F,T,,N,N,,
1096,1,3,F,F,T,F,F,T,F,,N,N,,
1097,1,3,F,F,T,F,F,F,T,,N,N,,
1098,0,3,F,F,T,F,F,F,T,,N,N,,
1099,1,3,F,F,T,F,F,F,T,,N,N,,
1100,0,3,F,F,T,F,F,F,T,,N,N,,
1101,9,3,F,F,T,F,F,T,F,,N,N,,
1102,5,3,F,F,T,F,F,F,T,,N,N,,
1103,1,3,F,F,T,F,F,F,T,,N,N,,
1104,4,3,F,F,T,F,F,F,T,,N,N,,
1105,0,3,F,F,T,F,F,F,T,,N,N,,
1106,3,3,F,F,T,F,F,F,T,,N,N,,
1107,1,3,F,F,T,F,F,F,T,,N,N,,
1108,1,3,F,F,T,F,F,F,T,,N,N,,
1109,0,3,F,F,T,F,F,T,F,,N,N,,
1110,0,3,F,F,T,F,F,F,T,,N,N,,
1111,1,3,F,F,T,F,F,T,F,,N,N,,
1112,0,3,F,F,T,F,F,F,T,,N,N,,
1113,0,3,F,F,T,F,F,T,F,,N,N,,
1114,0,3,F,F,T,F,F,F,T,,N,N,,
1115,1,3,F,F,T,F,F,T,F,,N,N,,
1116,2,3,F,F,T,F,F,T,F,,N,N,,
1117,1,3,F,F,T,F,F,F,T,,N,N,,
1118,0,3,F,F,T,F,F,T,F,,N,N,,
1119,6,3,F,F,T,F,F,T,F,,N,N,,
1120,17,3,F,F,T,F,F,F,T,,N,N,,
1121,19,3,F,F,T,F,F,F,T,,N,N,,
1122,4,3,F,F,T,F,F,F,T,,N,N,,
1123,3,3,F,F,T,F,F,F,T,,N,N,,
1124,1,3,F,F,T,F,F,F,T,,N,N,,
1125,1,3,F,F,T,F,F,F,T,,N,N,,
1126,1,3,F,F,T,F,F,T,F,,N,N,,
1127,4,3,F,F,T,F,F,F,T,,N,N,,
1128,2,3,F,F,T,F,F,F,T,,N,N,,
1129,0,3,F,F,T,F,F,T,F,,N,N,,
1130,6,3,F,F,T,F,F,F,T,,N,N,,
1131,5,3,F,F,T,F,F,T,F,,N,N,,
1132,3,3,F,F,T,F,F,F,T,,N,N,,
1133,3,3,F,F,T,F,F,F,T,,N,N,,
1134,5,3,F,F,T,F,F,F,T,,N,N,,
1135,7,3,F,F,T,F,F,F,T,,N,N,,
1136,1,3,F,F,T,F,F,T,F,,N,N,,
1137,3,3,F,F,T,F,F,F,T,,N,N,,
1138,14,3,F,F,T,F,F,F,T,,N,N,,
1139,6,3,F,F,T,F,F,T,F,,N,N,,
1140,6,3,F,F,T,F,F,T,F,,N,N,,
1141,3,3,F,F,T,F,F,F,T,,N,N,,
1142,2,3,F,F,T,F,F,F,T,,N,N,,
1143,4,3,F,F,T,F,F,F,T,,N,N,,
1144,3,3,F,F,T,F,F,F,T,,N,N,,
1145,2,3,F,F,T,F,F,F,T,,N,N,,
1146,1,3,F,F,T,F,F,F,T,,N,N,,
1147,1,3,F,F,T,F,F,F,T,,N,N,,
1148,3,3,F,F,T,F,F,F,T,,N,N,,
1149,3,3,F,F,T,F,F,F,T,,N,N,,
1150,5,3,F,F,T,F,F,F,T,,N,N,,
1151,9,3,F,F,T,F,F,F,T,,N,N,,
1152,3,3,F,F,T,F,F,F,T,,N,N,,
1153,1,3,F,F,T,F,F,F,T,,N,N,,
1154,2,3,F,F,T,F,F,F,T,,N,N,,
1155,1,3,F,F,T,F,F,T,F,,N,N,,
1156,5,3,F,F,T,F,F,F,T,,N,N,,
1157,2,3,F,F,T,F,F,F,T,,N,N,,
1158,15,3,F,F,T,F,F,F,T,,N,N,,
1159,10,3,F,F,T,F,F,T,F,,N,N,,
1161,7,3,F,F,T,F,F,F,T,,N,N,,
1162,3,3,F,F,T,F,F,F,T,,N,N,,
1163,5,3,F,F,T,F,F,F,T,,N,N,,
1164,4,3,F,F,T,F,F,F,T,,N,N,,
1165,5,3,F,F,T,F,F,F,T,,N,N,,
1166,6,3,F,F,T,F,F,F,T,,N,N,,
1167,6,3,F,F,T,F,F,F,T,,N,N,,
1168,1,3,F,F,T,F,F,F,T,,N,N,,
1169,4,3,F,F,T,F,F,F,T,,N,N,,
1170,5,3,F,F,T,F,F,F,T,,N,N,,
1171,3,3,F,F,T,F,F,F,T,,N,N,,
1172,12,3,F,F,T,F,F,F,T,,N,N,,
1173,3,3,F,F,T,F,F,F,T,,N,N,,
1174,2,3,F,F,T,F,F,F,T,,N,N,,
1175,1,3,F,F,T,F,F,F,T,,N,N,,
1176,1,3,F,F,T,F,F,F,T,,N,N,,
1178,0,3,F,F,T,F,F,F,T,,N,N,,
1180,13,3,F,F,T,F,F,T,F,,N,N,,
1181,1,3,F,F,T,F,F,F,T,,N,N,,
1182,2,3,F,F,T,F,F,F,T,,N,N,,
1183,1,3,F,F,T,F,F,F,T,,N,N,,
1184,1,3,F,F,T,F,F,F,T,,N,N,,
1186,3,3,F,F,T,F,F,F,T,,N,N,,
1187,2,3,F,F,T,F,F,F,T,,N,N,,
1188,0,3,F,F,T,F,F,F,T,,N,N,,
1189,4,3,F,F,T,F,F,F,T,,N,N,,
1191,3,3,F,F,T,F,F,F,T,,N,N,,
1195,0,3,F,F,T,F,F,F,T,,N,N,,
1196,0,3,F,F,T,F,F,F,T,,N,N,,
1197,1,3,F,F,T,F,F,F,T,,N,N,,
1198,0,3,F,F,T,F,F,F,T,,N,N,,
1199,0,3,F,F,T,F,F,F,T,,N,N,,
1200,1,3,F,F,T,F,F,F,T,,N,N,,
1201,1,3,F,F,T,F,F,F,T,,N,N,,
1202,1,3,F,F,T,F,F,F,T,,N,N,,
1203,1,3,F,F,T,F,F,F,T,,N,N,,
1204,1,3,F,F,T,F,F,F,T,,N,N,,
1205,0,3,F,F,T,F,F,F,T,,N,N,,
1206,0,3,F,F,T,F,F,F,T,,N,N,,
1208,0,3,F,F,T,F,F,F,T,,N,N,,
1209,0,3,F,F,T,F,F,F,T,,N,N,,
1210,0,3,F,F,T,F,F,F,T,,N,N,,
1213,0,3,F,F,T,F,F,F,T,,N,N,,
1214,0,3,F,F,T,F,F,F,T,,N,N,,
1215,0,3,F,F,T,F,F,F,T,,N,N,,
1216,0,3,F,F,T,F,F,F,T,,N,N,,
1219,0,3,F,F,T,F,F,F,T,,N,N,,
1220,0,3,F,F,T,F,F,F,T,,N,N,,
1221,0,3,F,F,T,F,F,F,T,,N,N,,
1223,0,3,F,F,T,F,F,F,T,,N,N,,
1226,0,3,F,F,T,F,F,F,T,,N,N,,
1228,0,3,F,F,T,F,F,F,T,,N,N,,
1229,0,3,F,F,T,F,F,F,T,,N,N,,
1230,0,3,F,F,T,F,F,F,T,,N,N,,
1232,0,3,F,F,T,F,F,F,T,,N,N,,
1233,0,3,F,F,T,F,F,F,T,,N,N,,
1236,0,3,F,F,T,F,F,F,T,,N,N,,
1237,0,3,F,F,T,F,F,F,T,,N,N,,
1238,0,3,F,F,T,F,F,F,T,,N,N,,
1239,0,3,F,F,T,F,F,F,T,,N,N,,
1243,0,3,F,F,T,F,F,F,T,,N,N,,
1245,0,3,F,F,T,F,F,F,T,,N,N,,
1246,0,3,F,F,T,F,F,F,T,,N,N,,
8,0,4,F,F,F,T,F,F,T,,N,N,,
18,0,4,F,F,F,T,F,F,T,,N,N,,
21,3,4,F,F,F,T,F,F,T,,N,N,,
24,3,4,F,F,F,T,F,F,T,,N,N,,
25,6,4,F,F,F,T,F,F,T,,N,N,,
26,3,4,F,F,F,T,F,F,T,,N,N,,
27,2,4,F,F,F,T,F,F,T,,N,N,,
28,2,4,F,F,F,T,F,F,T,,N,N,,
29,2,4,F,F,F,T,F,F,T,,N,N,,
30,2,4,F,F,F,T,F,F,T,,N,N,,
31,7,4,F,F,F,T,F,F,T,,N,N,,
32,0,4,F,F,F,T,F,F,T,,N,N,,
33,0,4,F,F,F,T,F,F,T,,N,N,,
34,0,4,F,F,F,T,F,F,T,,N,N,,
36,2,4,F,F,F,T,F,F,T,,N,N,,
43,0,4,F,F,F,T,F,T,F,,N,Y,,
44,0,4,F,F,F,T,T,F,F,,N,N,,
45,0,4,F,F,F,T,T,F,F,,N,N,,
46,0,4,F,F,F,T,F,T,F,,N,Y,,
47,0,4,F,F,F,T,F,T,F,,N,Y,,
48,0,4,F,F,F,T,T,F,F,,N,N,,
49,0,4,F,F,F,T,F,F,T,,N,N,,
50,1,4,F,F,F,T,F,F,T,,N,N,,
56,0,4,F,F,F,T,F,F,T,,N,N,,
57,0,4,F,F,F,T,F,F,T,,N,N,,
58,0,4,F,F,F,T,F,F,T,,N,N,,
59,0,4,F,F,F,T,F,F,T,,N,N,,
60,1,4,F,F,F,T,F,F,T,,N,N,,
63,1,4,F,F,F,T,F,F,T,,N,N,,
64,2,4,F,F,F,T,F,F,T,,N,N,,
65,1,4,F,F,F,T,F,F,T,,N,N,,
66,4,4,F,F,F,T,F,F,T,,N,N,,
68,1,4,F,F,F,T,F,F,T,,N,N,,
69,3,4,F,F,F,T,F,F,T,,N,N,,
70,5,4,F,F,F,T,F,F,T,,N,N,,
71,0,4,F,F,F,T,F,F,T,,N,N,,
76,0,4,F,F,F,T,T,F,F,,N,N,,
84,0,4,F,F,F,T,F,T,F,,N,Y,,
102,0,4,F,F,F,T,F,T,F,,N,Y,,
103,0,4,F,F,F,T,T,F,F,,N,N,,
105,27,4,F,F,F,T,F,F,T,,N,N,,
107,0,4,F,F,F,T,F,F,T,,N,N,,
123,3,4,F,F,F,T,T,F,F,,N,N,,
124,0,4,F,F,F,T,F,F,T,,N,N,,
125,0,4,F,F,F,T,F,F,T,,N,N,,
128,0,4,F,F,F,T,T,F,F,,N,N,,
129,0,4,F,F,F,T,T,F,F,,N,N,,
130,3,4,F,F,F,T,F,T,F,,N,Y,,
132,6,4,F,F,F,T,F,F,T,,N,N,,
133,9,4,F,F,F,T,F,F,T,,N,N,,
134,2,4,F,F,F,T,F,F,T,,N,N,,
135,2,4,F,F,F,T,F,F,T,,N,N,,
136,2,4,F,F,F,T,F,F,T,,N,N,,
137,3,4,F,F,F,T,F,F,T,,N,N,,
138,0,4,F,F,F,T,T,F,F,,N,N,,
139,28,4,F,F,F,T,F,T,F,,N,Y,,
140,1,4,F,F,F,T,T,F,F,,N,N,,
141,2,4,F,F,F,T,F,F,T,,N,N,,
144,0,4,F,F,F,T,T,F,F,,N,N,,
145,0,4,F,F,F,T,F,T,F,,N,Y,,
146,1,4,F,F,F,T,F,F,T,,N,N,,
147,3,4,F,F,F,T,F,F,T,,N,N,,
148,0,4,F,F,F,T,F,F,T,,N,N,,
151,12,4,F,F,F,T,F,F,T,,N,N,,
152,0,4,F,F,F,T,F,F,T,,N,N,,
154,0,4,F,F,F,T,T,F,F,,N,N,,
156,2,4,F,F,F,T,F,F,T,,N,N,,
158,27,4,F,F,F,T,T,F,F,,N,N,,
161,1,4,F,F,F,T,F,F,T,,N,N,,
162,1,4,F,F,F,T,F,F,T,,N,N,,
167,3,4,F,F,F,T,F,F,T,,N,N,,
170,3,4,F,F,F,T,F,F,T,,N,N,,
171,0,4,F,F,F,T,F,F,T,,N,N,,
172,0,4,F,F,F,T,F,T,F,,N,Y,,
173,0,4,F,F,F,T,T,F,F,,N,N,,
175,0,4,F,F,F,T,T,F,F,,N,N,,
176,0,4,F,F,F,T,F,F,T,,N,N,,
177,0,4,F,F,F,T,F,F,T,,N,N,,
178,2,4,F,F,F,T,F,F,T,,N,N,,
179,0,4,F,F,F,T,T,F,F,,N,N,,
180,0,4,F,F,F,T,F,F,T,,N,N,,
181,4,4,F,F,F,T,F,F,T,,N,N,,
182,11,4,F,F,F,T,F,F,T,,N,N,,
183,0,4,F,F,F,T,F,T,F,,N,Y,,
184,14,4,F,F,F,T,T,F,F,,N,N,,
188,0,4,F,F,F,T,F,T,F,,N,Y,,
189,0,4,F,F,F,T,F,T,F,,N,Y,,
190,0,4,F,F,F,T,F,T,F,,N,Y,,
191,0,4,F,F,F,T,T,F,F,,N,N,,
192,0,4,F,F,F,T,F,T,F,,N,Y,,
193,0,4,F,F,F,T,T,F,F,,N,N,,
194,0,4,F,F,F,T,F,T,F,,N,Y,,
195,0,4,F,F,F,T,T,F,F,,N,N,,
197,0,4,F,F,F,T,T,F,F,,N,N,,
198,0,4,F,F,F,T,F,F,T,,N,N,,
199,0,4,F,F,F,T,F,T,F,,N,Y,,
200,0,4,F,F,F,T,F,F,T,,N,N,,
201,6,4,F,F,F,T,T,F,F,,N,N,,
204,0,4,F,F,F,T,T,F,F,,N,N,,
205,0,4,F,F,F,T,F,T,F,,N,Y,,
207,1,4,F,F,F,T,F,T,F,,N,Y,,
208,9,4,F,F,F,T,T,F,F,,N,N,,
209,80,4,F,F,F,T,F,T,F,,N,Y,,
212,10,4,F,F,F,T,F,T,F,,N,Y,,
213,0,4,F,F,F,T,F,T,F,,N,Y,,
214,0,4,F,F,F,T,F,F,T,,N,N,,
215,0,4,F,F,F,T,F,F,T,,N,N,,
216,0,4,F,F,F,T,T,F,F,,N,N,,
217,0,4,F,F,F,T,F,T,F,,N,Y,,
220,0,4,F,F,F,T,F,T,F,,N,Y,,
224,0,4,F,F,F,T,T,F,F,,N,N,,
225,0,4,F,F,F,T,F,F,T,,N,N,,
226,0,4,F,F,F,T,F,F,T,,N,N,,
227,0,4,F,F,F,T,F,F,T,,N,N,,
228,0,4,F,F,F,T,F,F,T,,N,N,,
229,0,4,F,F,F,T,T,F,F,,N,N,,
230,5,4,F,F,F,T,T,F,F,,N,N,,
231,0,4,F,F,F,T,F,F,T,,N,N,,
253,19,4,F,F,F,T,T,F,F,,N,N,,
254,7,4,F,F,F,T,F,T,F,,N,Y,,
257,4,4,F,F,F,T,F,T,F,,N,Y,,
287,0,4,F,F,F,T,F,F,T,,N,N,,
290,0,4,F,F,F,T,F,F,T,,N,N,,
291,0,4,F,F,F,T,F,F,T,,N,N,,
292,0,4,F,F,F,T,F,F,T,,N,N,,
293,0,4,F,F,F,T,F,F,T,,N,N,,
294,0,4,F,F,F,T,F,F,T,,N,N,,
295,0,4,F,F,F,T,F,F,T,,N,N,,
296,0,4,F,F,F,T,F,F,T,,N,N,,
297,0,4,F,F,F,T,F,F,T,,N,N,,
298,0,4,F,F,F,T,F,F,T,,N,N,,
299,0,4,F,F,F,T,F,F,T,,N,N,,
300,0,4,F,F,F,T,F,F,T,,N,N,,
301,0,4,F,F,F,T,F,F,T,,N,N,,
302,3,4,F,F,F,T,F,F,T,,N,N,,
307,29,4,F,F,F,T,F,T,F,,N,Y,,
309,9,4,F,F,F,T,T,F,F,,N,N,,
310,3,4,F,F,F,T,F,F,T,,N,N,,
311,2,4,F,F,F,T,F,F,T,,N,N,,
312,3,4,F,F,F,T,F,F,T,,N,N,,
313,1,4,F,F,F,T,F,F,T,,N,N,,
314,9,4,F,F,F,T,T,F,F,,N,N,,
315,2,4,F,F,F,T,F,F,T,,N,N,,
316,12,4,F,F,F,T,T,F,F,,N,N,,
317,0,4,F,F,F,T,F,F,T,,N,N,,
318,2,4,F,F,F,T,F,F,T,,N,N,,
320,13,4,F,F,F,T,F,F,T,,N,N,,
321,0,4,F,F,F,T,T,F,F,,N,N,,
322,16,4,F,F,F,T,F,F,T,,N,N,,
326,0,4,F,F,F,T,T,F,F,,N,N,,
327,3,4,F,F,F,T,F,F,T,,N,N,,
328,1,4,F,F,F,T,T,F,F,,N,N,,
330,9,4,F,F,F,T,F,F,T,,N,N,,
332,0,4,F,F,F,T,F,F,T,,N,N,,
333,3,4,F,F,F,T,T,F,F,,N,N,,
334,9,4,F,F,F,T,F,T,F,,N,Y,,
336,0,4,F,F,F,T,F,F,T,,N,N,,
337,11,4,F,F,F,T,F,T,F,,N,Y,,
338,6,4,F,F,F,T,T,F,F,,N,N,,
341,10,4,F,F,F,T,F,T,F,,N,Y,,
342,3,4,F,F,F,T,F,T,F,,N,Y,,
343,11,4,F,F,F,T,F,T,F,,N,Y,,
345,0,4,F,F,F,T,T,F,F,,N,N,,
346,0,4,F,F,F,T,F,F,T,,N,N,,
347,0,4,F,F,F,T,T,F,F,,N,N,,
349,0,4,F,F,F,T,F,T,F,,N,Y,,
350,5,4,F,F,F,T,F,F,T,,N,N,,
351,2,4,F,F,F,T,F,F,T,,N,N,,
352,0,4,F,F,F,T,F,T,F,,N,Y,,
353,7,4,F,F,F,T,F,F,T,,N,N,,
355,0,4,F,F,F,T,T,F,F,,N,N,,
357,0,4,F,F,F,T,T,F,F,,N,N,,
358,0,4,F,F,F,T,T,F,F,,N,N,,
359,0,4,F,F,F,T,F,T,F,,N,Y,,
360,14,4,F,F,F,T,F,T,F,,N,Y,,
361,0,4,F,F,F,T,F,T,F,,N,Y,,
362,3,4,F,F,F,T,F,F,T,,N,N,,
363,1,4,F,F,F,T,F,F,T,,N,N,,
369,8,4,F,F,F,T,T,F,F,,N,N,,
370,220,4,F,F,F,T,F,T,F,,N,Y,,
372,0,4,F,F,F,T,F,T,F,,N,Y,,
374,0,4,F,F,F,T,T,F,F,,N,N,,
375,64,4,F,F,F,T,F,T,F,,N,Y,,
376,0,4,F,F,F,T,T,F,F,,N,N,,
377,42,4,F,F,F,T,T,F,F,,N,N,,
379,0,4,F,F,F,T,F,F,T,,N,N,,
382,29,4,F,F,F,T,F,T,F,,N,Y,,
384,0,4,F,F,F,T,T,F,F,,N,N,,
386,0,4,F,F,F,T,T,F,F,,N,N,,
387,0,4,F,F,F,T,F,F,T,,N,N,,
393,0,4,F,F,F,T,F,T,F,,N,Y,,
399,15,4,F,F,F,T,F,T,F,,N,Y,,
400,6,4,F,F,F,T,F,F,T,,N,N,,
402,1,4,F,F,F,T,F,F,T,,N,N,,
403,5,4,F,F,F,T,T,F,F,,N,N,,
404,2,4,F,F,F,T,F,T,F,,N,Y,,
405,0,4,F,F,F,T,F,T,F,,N,Y,,
406,1,4,F,F,F,T,F,F,T,,N,N,,
409,0,4,F,F,F,T,F,F,T,,N,N,,
410,0,4,F,F,F,T,F,T,F,,N,Y,,
411,0,4,F,F,F,T,F,F,T,,N,N,,
413,16,4,F,F,F,T,F,T,F,,N,Y,,
414,3,4,F,F,F,T,F,F,T,,N,N,,
416,0,4,F,F,F,T,T,F,F,,N,N,,
417,0,4,F,F,F,T,F,T,F,,N,Y,,
418,0,4,F,F,F,T,T,F,F,,N,N,,
419,0,4,F,F,F,T,T,F,F,,N,N,,
420,8,4,F,F,F,T,T,F,F,,N,N,,
421,0,4,F,F,F,T,F,F,T,,N,N,,
422,0,4,F,F,F,T,F,T,F,,N,Y,,
424,0,4,F,F,F,T,F,F,T,,N,N,,
425,0,4,F,F,F,T,T,F,F,,N,N,,
426,0,4,F,F,F,T,F,T,F,,N,Y,,
427,2,4,F,F,F,T,F,F,T,,N,N,,
428,0,4,F,F,F,T,T,F,F,,N,N,,
431,0,4,F,F,F,T,F,F,T,,N,N,,
435,2,4,F,F,F,T,F,F,T,,N,N,,
436,2,4,F,F,F,T,F,F,T,,N,N,,
437,0,4,F,F,F,T,F,F,T,,N,N,,
438,0,4,F,F,F,T,T,F,F,,N,N,,
439,0,4,F,F,F,T,F,F,T,,N,N,,
440,0,4,F,F,F,T,F,F,T,,N,N,,
441,3,4,F,F,F,T,F,F,T,,N,N,,
442,2,4,F,F,F,T,F,F,T,,N,N,,
443,1,4,F,F,F,T,F,F,T,,N,N,,
445,0,4,F,F,F,T,F,T,F,,N,Y,,
446,3,4,F,F,F,T,F,F,T,,N,N,,
447,4,4,F,F,F,T,T,F,F,,N,N,,
448,0,4,F,F,F,T,T,F,F,,N,N,,
449,1,4,F,F,F,T,F,F,T,,N,N,,
450,9,4,F,F,F,T,F,F,T,,N,N,,
451,0,4,F,F,F,T,T,F,F,,N,N,,
452,8,4,F,F,F,T,T,F,F,,N,N,,
453,0,4,F,F,F,T,F,F,T,,N,N,,
454,77,4,F,F,F,T,T,F,F,,N,N,,
455,2,4,F,F,F,T,F,F,T,,N,N,,
456,3,4,F,F,F,T,F,F,T,,N,N,,
459,0,4,F,F,F,T,F,T,F,,N,Y,,
465,0,4,F,F,F,T,F,T,F,,N,Y,,
466,0,4,F,F,F,T,F,T,F,,N,Y,,
467,0,4,F,F,F,T,T,F,F,,N,N,,
468,0,4,F,F,F,T,T,F,F,,N,N,,
469,0,4,F,F,F,T,F,T,F,,N,Y,,
483,0,4,F,F,F,T,F,F,T,,N,N,,
484,5,4,F,F,F,T,F,F,T,,N,N,,
508,0,4,F,F,F,T,F,F,T,,N,N,,
511,0,4,F,F,F,T,F,T,F,,N,Y,,
529,2,4,F,F,F,T,T,F,F,,N,N,,
531,1,4,F,F,F,T,F,F,T,,N,N,,
532,3,4,F,F,F,T,F,F,T,,N,N,,
533,27,4,F,F,F,T,F,T,F,,N,Y,,
534,1,4,F,F,F,T,F,F,T,,N,N,,
535,0,4,F,F,F,T,F,F,T,,N,N,,
540,0,4,F,F,F,T,F,F,T,,N,N,,
541,0,4,F,F,F,T,F,F,T,,N,N,,
547,1,4,F,F,F,T,F,F,T,,N,N,,
548,3,4,F,F,F,T,F,F,T,,N,N,,
549,1,4,F,F,F,T,F,F,T,,N,N,,
551,7,4,F,F,F,T,F,T,F,,N,Y,,
552,25,4,F,F,F,T,F,T,F,,N,Y,,
553,14,4,F,F,F,T,T,F,F,,N,N,,
554,0,4,F,F,F,T,F,T,F,,N,Y,,
555,1,4,F,F,F,T,F,F,T,,N,N,,
556,10,4,F,F,F,T,F,F,T,,N,N,,
557,0,4,F,F,F,T,F,F,T,,N,N,,
558,0,4,F,F,F,T,F,F,T,,N,N,,
559,0,4,F,F,F,T,F,T,F,,N,Y,,
560,0,4,F,F,F,T,F,T,F,,N,Y,,
561,5,4,F,F,F,T,T,F,F,,N,N,,
562,10,4,F,F,F,T,F,T,F,,N,Y,,
565,7,4,F,F,F,T,T,F,F,,N,N,,
566,103,4,F,F,F,T,F,T,F,,N,Y,,
568,0,4,F,F,F,T,F,F,T,,N,N,,
577,0,4,F,F,F,T,F,F,T,,N,N,,
579,11,4,F,F,F,T,F,F,T,,N,N,,
580,0,4,F,F,F,T,F,T,F,,N,Y,,
581,3,4,F,F,F,T,T,F,F,,N,N,,
582,22,4,F,F,F,T,F,T,F,,N,Y,,
583,0,4,F,F,F,T,T,F,F,,N,N,,
584,85,4,F,F,F,T,F,T,F,,N,Y,,
586,1,4,F,F,F,T,F,F,T,,N,N,,
587,3,4,F,F,F,T,F,T,F,,N,Y,,
588,0,4,F,F,F,T,T,F,F,,N,N,,
607,0,4,F,F,F,T,T,F,F,,N,N,,
608,1,4,F,F,F,T,F,F,T,,N,N,,
609,18,4,F,F,F,T,T,F,F,,N,N,,
616,12,4,F,F,F,T,F,T,F,,N,Y,,
620,87,4,F,F,F,T,T,F,F,,N,N,,
622,9,4,F,F,F,T,T,F,F,,N,N,,
623,9,4,F,F,F,T,F,T,F,,N,Y,,
624,0,4,F,F,F,T,F,T,F,,N,Y,,
625,0,4,F,F,F,T,T,F,F,,N,N,,
628,0,4,F,F,F,T,F,T,F,,N,Y,,
629,9,4,F,F,F,T,F,F,T,,N,N,,
631,1,4,F,F,F,T,F,F,T,,N,N,,
632,0,4,F,F,F,T,F,T,F,,N,Y,,
633,5,4,F,F,F,T,T,F,F,,N,N,,
634,0,4,F,F,F,T,F,F,T,,N,N,,
635,0,4,F,F,F,T,T,F,F,,N,N,,
636,0,4,F,F,F,T,F,F,T,,N,N,,
637,4,4,F,F,F,T,F,F,T,,N,N,,
638,2,4,F,F,F,T,F,F,T,,N,N,,
639,1,4,F,F,F,T,F,F,T,,N,N,,
640,0,4,F,F,F,T,F,T,F,,N,Y,,
644,8,4,F,F,F,T,T,F,F,,N,N,,
646,0,4,F,F,F,T,F,F,T,,N,N,,
647,11,4,F,F,F,T,T,F,F,,N,N,,
649,0,4,F,F,F,T,F,T,F,,N,Y,,
650,0,4,F,F,F,T,F,F,T,,N,N,,
651,0,4,F,F,F,T,F,F,T,,N,N,,
653,0,4,F,F,F,T,F,F,T,,N,N,,
654,3,4,F,F,F,T,T,F,F,,N,N,,
656,0,4,F,F,F,T,F,T,F,,N,Y,,
657,1,4,F,F,F,T,F,F,T,,N,N,,
659,0,4,F,F,F,T,F,T,F,,N,Y,,
663,1,4,F,F,F,T,T,F,F,,N,N,,
664,38,4,F,F,F,T,F,T,F,,N,Y,,
665,5,4,F,F,F,T,T,F,F,,N,N,,
666,7,4,F,F,F,T,F,T,F,,N,Y,,
668,2,4,F,F,F,T,F,F,T,,N,N,,
670,0,4,F,F,F,T,T,F,F,,N,N,,
673,13,4,F,F,F,T,F,T,F,,N,Y,,
675,0,4,F,F,F,T,F,F,T,,N,N,,
678,2,4,F,F,F,T,F,F,T,,N,N,,
679,0,4,F,F,F,T,T,F,F,,N,N,,
680,1,4,F,F,F,T,F,F,T,,N,N,,
681,17,4,F,F,F,T,F,T,F,,N,Y,,
682,3,4,F,F,F,T,F,F,T,,N,N,,
683,0,4,F,F,F,T,F,F,T,,N,N,,
684,19,4,F,F,F,T,T,F,F,,N,N,,
686,0,4,F,F,F,T,F,F,T,,N,N,,
688,5,4,F,F,F,T,F,F,T,,N,N,,
689,1,4,F,F,F,T,F,F,T,,N,N,,
690,0,4,F,F,F,T,F,F,T,,N,N,,
691,0,4,F,F,F,T,F,F,T,,N,N,,
692,0,4,F,F,F,T,F,F,T,,N,N,,
693,0,4,F,F,F,T,T,F,F,,N,N,,
694,0,4,F,F,F,T,F,F,T,,N,N,,
696,0,4,F,F,F,T,F,F,T,,N,N,,
697,2,4,F,F,F,T,F,F,T,,N,N,,
701,6,4,F,F,F,T,F,F,T,,N,N,,
702,0,4,F,F,F,T,T,F,F,,N,N,,
703,0,4,F,F,F,T,F,T,F,,N,Y,,
704,0,4,F,F,F,T,T,F,F,,N,N,,
705,0,4,F,F,F,T,F,T,F,,N,Y,,
706,27,4,F,F,F,T,T,F,F,,N,N,,
708,17,4,F,F,F,T,F,T,F,,N,Y,,
709,45,4,F,F,F,T,F,F,T,,N,N,,
710,0,4,F,F,F,T,T,F,F,,N,N,,
711,1,4,F,F,F,T,F,F,T,,N,N,,
712,8,4,F,F,F,T,F,F,T,,N,N,,
714,0,4,F,F,F,T,F,F,T,,N,N,,
715,0,4,F,F,F,T,T,F,F,,N,N,,
717,41,4,F,F,F,T,F,T,F,,N,Y,,
718,0,4,F,F,F,T,F,T,F,,N,Y,,
719,0,4,F,F,F,T,T,F,F,,N,N,,
720,0,4,F,F,F,T,T,F,F,,N,N,,
721,6,4,F,F,F,T,F,F,T,,N,N,,
722,1,4,F,F,F,T,F,F,T,,N,N,,
723,5,4,F,F,F,T,F,T,F,,N,Y,,
724,13,4,F,F,F,T,T,F,F,,N,N,,
725,4,4,F,F,F,T,F,F,T,,N,N,,
726,16,4,F,F,F,T,T,F,F,,N,N,,
727,19,4,F,F,F,T,F,T,F,,N,Y,,
729,0,4,F,F,F,T,F,F,T,,N,N,,
731,5,4,F,F,F,T,F,F,T,,N,N,,
732,14,4,F,F,F,T,F,T,F,,N,Y,,
733,0,4,F,F,F,T,F,T,F,,N,Y,,
734,0,4,F,F,F,T,F,F,T,,N,N,,
736,1,4,F,F,F,T,F,F,T,,N,N,,
740,0,4,F,F,F,T,F,F,T,,N,N,,
741,1,4,F,F,F,T,T,F,F,,N,N,,
742,5,4,F,F,F,T,F,F,T,,N,N,,
743,0,4,F,F,F,T,F,F,T,,N,N,,
744,1,4,F,F,F,T,F,F,T,,N,N,,
745,2,4,F,F,F,T,T,F,F,,N,N,,
746,0,4,F,F,F,T,F,F,T,,N,N,,
748,5,4,F,F,F,T,F,F,T,,N,N,,
749,1,4,F,F,F,T,F,F,T,,N,N,,
753,3,4,F,F,F,T,F,F,T,,N,N,,
755,12,4,F,F,F,T,F,F,T,,N,N,,
756,0,4,F,F,F,T,F,F,T,,N,N,,
757,3,4,F,F,F,T,F,F,T,,N,N,,
759,0,4,F,F,F,T,F,F,T,,N,N,,
760,1,4,F,F,F,T,F,F,T,,N,N,,
761,0,4,F,F,F,T,F,T,F,,N,Y,,
762,1,4,F,F,F,T,F,F,T,,N,N,,
768,1,4,F,F,F,T,F,F,T,,N,N,,
769,3,4,F,F,F,T,F,F,T,,N,N,,
770,0,4,F,F,F,T,F,F,T,,N,N,,
771,3,4,F,F,F,T,F,F,T,,N,N,,
772,3,4,F,F,F,T,F,F,T,,N,N,,
773,0,4,F,F,F,T,F,F,T,,N,N,,
774,0,4,F,F,F,T,T,F,F,,N,N,,
776,19,4,F,F,F,T,F,T,F,,N,Y,,
777,9,4,F,F,F,T,F,F,T,,N,N,,
778,0,4,F,F,F,T,F,F,T,,N,N,,
779,0,4,F,F,F,T,F,F,T,,N,N,,
782,0,4,F,F,F,T,F,F,T,,N,N,,
783,0,4,F,F,F,T,F,F,T,,N,N,,
786,0,4,F,F,F,T,T,F,F,,N,N,,
787,16,4,F,F,F,T,F,T,F,,N,Y,,
788,0,4,F,F,F,T,F,F,T,,N,N,,
789,0,4,F,F,F,T,F,T,F,,N,Y,,
790,0,4,F,F,F,T,F,F,T,,N,N,,
791,0,4,F,F,F,T,T,F,F,,N,N,,
792,25,4,F,F,F,T,F,T,F,,N,Y,,
793,5,4,F,F,F,T,T,F,F,,N,N,,
794,26,4,F,F,F,T,F,T,F,,N,Y,,
795,1,4,F,F,F,T,F,F,T,,N,N,,
796,0,4,F,F,F,T,F,F,T,,N,N,,
798,2,4,F,F,F,T,F,F,T,,N,N,,
799,1,4,F,F,F,T,F,F,T,,N,N,,
801,0,4,F,F,F,T,T,F,F,,N,N,,
802,13,4,F,F,F,T,F,T,F,,N,Y,,
803,0,4,F,F,F,T,F,T,F,,N,Y,,
804,7,4,F,F,F,T,F,F,T,,N,N,,
805,2,4,F,F,F,T,F,F,T,,N,N,,
806,1,4,F,F,F,T,F,F,T,,N,N,,
809,0,4,F,F,F,T,F,F,T,,N,N,,
812,1,4,F,F,F,T,F,F,T,,N,N,,
813,1,4,F,F,F,T,F,F,T,,N,N,,
816,6,4,F,F,F,T,T,F,F,,N,N,,
817,21,4,F,F,F,T,F,T,F,,N,Y,,
818,0,4,F,F,F,T,T,F,F,,N,N,,
819,0,4,F,F,F,T,T,F,F,,N,N,,
820,0,4,F,F,F,T,F,F,T,,N,N,,
821,2,4,F,F,F,T,F,F,T,,N,N,,
822,3,4,F,F,F,T,T,F,F,,N,N,,
823,0,4,F,F,F,T,F,F,T,,N,N,,
824,1,4,F,F,F,T,F,F,T,,N,N,,
825,1,4,F,F,F,T,F,F,T,,N,N,,
826,2,4,F,F,F,T,F,F,T,,N,N,,
827,3,4,F,F,F,T,F,F,T,,N,N,,
835,0,4,F,F,F,T,F,T,F,,N,Y,,
837,28,4,F,F,F,T,F,T,F,,N,Y,,
838,0,4,F,F,F,T,F,T,F,,N,Y,,
839,0,4,F,F,F,T,T,F,F,,N,N,,
841,0,4,F,F,F,T,F,F,T,,N,N,,
842,15,4,F,F,F,T,T,F,F,,N,N,,
844,2,4,F,F,F,T,F,F,T,,N,N,,
845,38,4,F,F,F,T,F,T,F,,N,Y,,
846,0,4,F,F,F,T,F,T,F,,N,Y,,
847,0,4,F,F,F,T,T,F,F,,N,N,,
848,0,4,F,F,F,T,F,T,F,,N,Y,,
850,1,4,F,F,F,T,F,F,T,,N,N,,
851,2,4,F,F,F,T,T,F,F,,N,N,,
853,0,4,F,F,F,T,T,F,F,,N,N,,
856,0,4,F,F,F,T,T,F,F,,N,N,,
857,28,4,F,F,F,T,F,T,F,,N,Y,,
858,8,4,F,F,F,T,T,F,F,,N,N,,
859,36,4,F,F,F,T,F,T,F,,N,Y,,
860,14,4,F,F,F,T,F,T,F,,N,Y,,
861,5,4,F,F,F,T,F,T,F,,N,Y,,
862,18,4,F,F,F,T,F,T,F,,N,Y,,
863,3,4,F,F,F,T,T,F,F,,N,N,,
864,10,4,F,F,F,T,F,F,T,,N,N,,
865,11,4,F,F,F,T,F,T,F,,N,Y,,
866,12,4,F,F,F,T,F,T,F,,N,Y,,
867,0,4,F,F,F,T,F,T,F,,N,Y,,
868,9,4,F,F,F,T,F,F,T,,N,N,,
869,1,4,F,F,F,T,F,F,T,,N,N,,
871,0,4,F,F,F,T,F,F,T,,N,N,,
872,0,4,F,F,F,T,F,F,T,,N,N,,
873,2,4,F,F,F,T,F,F,T,,N,N,,
875,1,4,F,F,F,T,T,F,F,,N,N,,
876,1,4,F,F,F,T,T,F,F,,N,N,,
877,1,4,F,F,F,T,F,T,F,,N,Y,,
878,1,4,F,F,F,T,F,T,F,,N,Y,,
879,5,4,F,F,F,T,F,F,T,,N,N,,
880,10,4,F,F,F,T,F,T,F,,N,Y,,
882,0,4,F,F,F,T,F,F,T,,N,N,,
883,1,4,F,F,F,T,F,F,T,,N,N,,
884,1,4,F,F,F,T,F,F,T,,N,N,,
885,0,4,F,F,F,T,F,F,T,,N,N,,
887,1,4,F,F,F,T,F,F,T,,N,N,,
888,0,4,F,F,F,T,F,F,T,,N,N,,
892,0,4,F,F,F,T,F,F,T,,N,N,,
894,0,4,F,F,F,T,F,T,F,,N,Y,,
895,6,4,F,F,F,T,T,F,F,,N,N,,
896,6,4,F,F,F,T,F,T,F,,N,Y,,
897,0,4,F,F,F,T,T,F,F,,N,N,,
898,0,4,F,F,F,T,F,T,F,,N,Y,,
899,0,4,F,F,F,T,F,T,F,,N,Y,,
900,34,4,F,F,F,T,T,F,F,,N,N,,
901,26,4,F,F,F,T,F,T,F,,N,Y,,
902,0,4,F,F,F,T,F,F,T,,N,N,,
905,1,4,F,F,F,T,T,F,F,,N,N,,
906,0,4,F,F,F,T,F,T,F,,N,Y,,
907,0,4,F,F,F,T,F,T,F,,N,Y,,
908,0,4,F,F,F,T,F,F,T,,N,N,,
909,31,4,F,F,F,T,F,F,T,,N,N,,
910,0,4,F,F,F,T,T,F,F,,N,N,,
912,2,4,F,F,F,T,F,F,T,,N,N,,
913,0,4,F,F,F,T,F,F,T,,N,N,,
914,1,4,F,F,F,T,F,F,T,,N,N,,
915,0,4,F,F,F,T,F,F,T,,N,N,,
916,0,4,F,F,F,T,F,F,T,,N,N,,
917,0,4,F,F,F,T,F,T,F,,N,Y,,
918,0,4,F,F,F,T,T,F,F,,N,N,,
919,17,4,F,F,F,T,F,F,T,,N,N,,
920,0,4,F,F,F,T,T,F,F,,N,N,,
921,1,4,F,F,F,T,F,F,T,,N,N,,
922,0,4,F,F,F,T,T,F,F,,N,N,,
923,0,4,F,F,F,T,T,F,F,,N,N,,
924,1,4,F,F,F,T,F,T,F,,N,Y,,
925,0,4,F,F,F,T,T,F,F,,N,N,,
926,36,4,F,F,F,T,T,F,F,,N,N,,
927,2,4,F,F,F,T,T,F,F,,N,N,,
928,4,4,F,F,F,T,F,T,F,,N,Y,,
929,21,4,F,F,F,T,T,F,F,,N,N,,
931,1,4,F,F,F,T,T,F,F,,N,N,,
932,2,4,F,F,F,T,F,T,F,,N,Y,,
933,2,4,F,F,F,T,T,F,F,,N,N,,
934,0,4,F,F,F,T,F,T,F,,N,Y,,
935,1,4,F,F,F,T,F,F,T,,N,N,,
936,0,4,F,F,F,T,T,F,F,,N,N,,
937,0,4,F,F,F,T,F,T,F,,N,Y,,
938,0,4,F,F,F,T,F,F,T,,N,N,,
939,0,4,F,F,F,T,F,T,F,,N,Y,,
940,0,4,F,F,F,T,T,F,F,,N,N,,
941,0,4,F,F,F,T,T,F,F,,N,N,,
942,13,4,F,F,F,T,T,F,F,,N,N,,
943,16,4,F,F,F,T,T,F,F,,N,N,,
944,2,4,F,F,F,T,T,F,F,,N,N,,
946,0,4,F,F,F,T,F,F,T,,N,N,,
947,0,4,F,F,F,T,F,T,F,,N,Y,,
948,37,4,F,F,F,T,F,T,F,,N,Y,,
949,21,4,F,F,F,T,F,T,F,,N,Y,,
951,6,4,F,F,F,T,F,T,F,,N,Y,,
952,0,4,F,F,F,T,F,T,F,,N,Y,,
953,4,4,F,F,F,T,F,T,F,,N,Y,,
954,22,4,F,F,F,T,F,T,F,,N,Y,,
956,7,4,F,F,F,T,F,T,F,,N,Y,,
957,0,4,F,F,F,T,T,F,F,,N,N,,
958,0,4,F,F,F,T,T,F,F,,N,N,,
959,16,4,F,F,F,T,T,F,F,,N,N,,
961,2,4,F,F,F,T,T,F,F,,N,N,,
962,0,4,F,F,F,T,T,F,F,,N,N,,
963,0,4,F,F,F,T,T,F,F,,N,N,,
964,20,4,F,F,F,T,T,F,F,,N,N,,
966,2,4,F,F,F,T,T,F,F,,N,N,,
967,0,4,F,F,F,T,F,T,F,,N,Y,,
968,3,4,F,F,F,T,F,T,F,,N,Y,,
969,13,4,F,F,F,T,F,T,F,,N,Y,,
971,2,4,F,F,F,T,F,T,F,,N,Y,,
972,0,4,F,F,F,T,F,T,F,,N,Y,,
973,5,4,F,F,F,T,F,T,F,,N,Y,,
974,14,4,F,F,F,T,F,T,F,,N,Y,,
975,11,4,F,F,F,T,F,T,F,,N,Y,,
977,0,4,F,F,F,T,T,F,F,,N,N,,
978,5,4,F,F,F,T,T,F,F,,N,N,,
979,12,4,F,F,F,T,T,F,F,,N,N,,
981,0,4,F,F,F,T,T,F,F,,N,N,,
982,0,4,F,F,F,T,F,T,F,,N,Y,,
983,16,4,F,F,F,T,F,T,F,,N,Y,,
984,28,4,F,F,F,T,F,T,F,,N,Y,,
986,6,4,F,F,F,T,F,T,F,,N,Y,,
987,0,4,F,F,F,T,T,F,F,,N,N,,
988,6,4,F,F,F,T,T,F,F,,N,N,,
989,16,4,F,F,F,T,T,F,F,,N,N,,
991,3,4,F,F,F,T,T,F,F,,N,N,,
992,1,4,F,F,F,T,F,F,T,,N,N,,
993,1,4,F,F,F,T,F,F,T,,N,N,,
994,4,4,F,F,F,T,F,F,T,,N,N,,
995,5,4,F,F,F,T,F,F,T,,N,N,,
996,16,4,F,F,F,T,F,F,T,,N,N,,
997,1,4,F,F,F,T,F,F,T,,N,N,,
998,0,4,F,F,F,T,F,F,T,,N,N,,
999,4,4,F,F,F,T,F,F,T,,N,N,,
1001,0,4,F,F,F,T,F,F,T,,N,N,,
1002,1,4,F,F,F,T,F,F,T,,N,N,,
1003,0,4,F,F,F,T,F,F,T,,N,N,,
1004,2,4,F,F,F,T,T,F,F,,N,N,,
1006,1,4,F,F,F,T,F,F,T,,N,N,,
1007,12,4,F,F,F,T,T,F,F,,N,N,,
1008,23,4,F,F,F,T,F,T,F,,N,Y,,
1009,14,4,F,F,F,T,F,T,F,,N,Y,,
1010,14,4,F,F,F,T,T,F,F,,N,N,,
1011,13,4,F,F,F,T,T,F,F,,N,N,,
1012,26,4,F,F,F,T,F,T,F,,N,Y,,
1013,4,4,F,F,F,T,F,T,F,,N,Y,,
1014,8,4,F,F,F,T,T,F,F,,N,N,,
1015,17,4,F,F,F,T,F,T,F,,N,Y,,
1016,8,4,F,F,F,T,T,F,F,,N,N,,
1017,0,4,F,F,F,T,F,F,T,,N,N,,
1018,0,4,F,F,F,T,F,F,T,,N,N,,
1019,0,4,F,F,F,T,F,F,T,,N,N,,
1020,1,4,F,F,F,T,F,F,T,,N,N,,
1021,0,4,F,F,F,T,F,F,T,,N,N,,
1022,0,4,F,F,F,T,F,F,T,,N,N,,
1023,0,4,F,F,F,T,F,F,T,,N,N,,
1024,1,4,F,F,F,T,F,F,T,,N,N,,
1025,0,4,F,F,F,T,F,T,F,,N,Y,,
1026,6,4,F,F,F,T,T,F,F,,N,N,,
1027,0,4,F,F,F,T,F,T,F,,N,Y,,
1028,0,4,F,F,F,T,F,F,T,,N,N,,
1029,6,4,F,F,F,T,F,T,F,,N,Y,,
1030,1,4,F,F,F,T,T,F,F,,N,N,,
1031,70,4,F,F,F,T,F,T,F,,N,Y,,
1032,47,4,F,F,F,T,F,T,F,,N,Y,,
1033,1,4,F,F,F,T,F,F,T,,N,N,,
1034,2,4,F,F,F,T,T,F,F,,N,N,,
1035,1,4,F,F,F,T,F,F,T,,N,N,,
1036,9,4,F,F,F,T,F,T,F,,N,Y,,
1037,88,4,F,F,F,T,F,T,F,,N,Y,,
1038,15,4,F,F,F,T,F,T,F,,N,Y,,
1039,7,4,F,F,F,T,T,F,F,,N,N,,
1040,15,4,F,F,F,T,T,F,F,,N,N,,
1041,0,4,F,F,F,T,T,F,F,,N,N,,
1042,0,4,F,F,F,T,T,F,F,,N,N,,
1043,9,4,F,F,F,T,F,T,F,,N,Y,,
1044,14,4,F,F,F,T,T,F,F,,N,N,,
1045,5,4,F,F,F,T,F,F,T,,N,N,,
1047,12,4,F,F,F,T,F,T,F,,N,Y,,
1048,3,4,F,F,F,T,F,F,T,,N,N,,
1049,0,4,F,F,F,T,F,F,T,,N,N,,
1050,16,4,F,F,F,T,F,F,T,,N,N,,
1051,11,4,F,F,F,T,F,T,F,,N,Y,,
1052,57,4,F,F,F,T,F,T,F,,N,Y,,
1053,0,4,F,F,F,T,F,F,T,,N,N,,
1054,0,4,F,F,F,T,F,F,T,,N,N,,
1055,2,4,F,F,F,T,F,F,T,,N,N,,
1056,3,4,F,F,F,T,F,T,F,,N,Y,,
1057,5,4,F,F,F,T,F,F,T,,N,N,,
1058,0,4,F,F,F,T,F,F,T,,N,N,,
1059,3,4,F,F,F,T,F,F,T,,N,N,,
1060,0,4,F,F,F,T,F,F,T,,N,N,,
1061,29,4,F,F,F,T,F,T,F,,N,Y,,
1062,0,4,F,F,F,T,F,F,T,,N,N,,
1063,0,4,F,F,F,T,F,F,T,,N,N,,
1064,0,4,F,F,F,T,F,F,T,,N,N,,
1065,0,4,F,F,F,T,F,F,T,,N,N,,
1066,22,4,F,F,F,T,F,F,T,,N,N,,
1067,2,4,F,F,F,T,F,F,T,,N,N,,
1068,6,4,F,F,F,T,F,T,F,,N,Y,,
1069,6,4,F,F,F,T,F,T,F,,N,Y,,
1070,0,4,F,F,F,T,F,F,T,,N,N,,
1071,4,4,F,F,F,T,F,F,T,,N,N,,
1072,19,4,F,F,F,T,F,T,F,,N,Y,,
1073,3,4,F,F,F,T,F,F,T,,N,N,,
1074,52,4,F,F,F,T,F,T,F,,N,Y,,
1075,4,4,F,F,F,T,F,T,F,,N,Y,,
1076,17,4,F,F,F,T,F,F,T,,N,N,,
1077,13,4,F,F,F,T,F,F,T,,N,N,,
1078,0,4,F,F,F,T,F,F,T,,N,N,,
1079,0,4,F,F,F,T,F,F,T,,N,N,,
1080,0,4,F,F,F,T,F,F,T,,N,N,,
1081,0,4,F,F,F,T,F,F,T,,N,N,,
1082,0,4,F,F,F,T,F,F,T,,N,N,,
1083,0,4,F,F,F,T,F,F,T,,N,N,,
1084,0,4,F,F,F,T,F,F,T,,N,N,,
1085,13,4,F,F,F,T,F,T,F,,N,Y,,
1086,3,4,F,F,F,T,F,F,T,,N,N,,
1087,33,4,F,F,F,T,F,T,F,,N,Y,,
1088,0,4,F,F,F,T,F,F,T,,N,N,,
1089,4,4,F,F,F,T,F,T,F,,N,Y,,
1090,0,4,F,F,F,T,F,F,T,,N,N,,
1091,4,4,F,F,F,T,F,F,T,,N,N,,
1092,55,4,F,F,F,T,F,T,F,,N,Y,,
1093,3,4,F,F,F,T,F,F,T,,N,N,,
1094,15,4,F,F,F,T,F,T,F,,N,Y,,
1095,2,4,F,F,F,T,F,F,T,,N,N,,
1096,24,4,F,F,F,T,F,T,F,,N,Y,,
1097,0,4,F,F,F,T,F,F,T,,N,N,,
1098,0,4,F,F,F,T,F,F,T,,N,N,,
1099,0,4,F,F,F,T,F,F,T,,N,N,,
1100,1,4,F,F,F,T,F,F,T,,N,N,,
1101,23,4,F,F,F,T,F,T,F,,N,Y,,
1102,0,4,F,F,F,T,F,F,T,,N,N,,
1103,0,4,F,F,F,T,F,F,T,,N,N,,
1104,0,4,F,F,F,T,F,F,T,,N,N,,
1105,0,4,F,F,F,T,F,F,T,,N,N,,
1106,0,4,F,F,F,T,F,F,T,,N,N,,
1107,0,4,F,F,F,T,F,F,T,,N,N,,
1108,0,4,F,F,F,T,F,F,T,,N,N,,
1109,65,4,F,F,F,T,F,T,F,,N,Y,,
1110,0,4,F,F,F,T,F,F,T,,N,N,,
1111,8,4,F,F,F,T,F,T,F,,N,Y,,
1112,0,4,F,F,F,T,F,F,T,,N,N,,
1113,31,4,F,F,F,T,F,T,F,,N,Y,,
1114,1,4,F,F,F,T,F,F,T,,N,N,,
1115,14,4,F,F,F,T,F,T,F,,N,Y,,
1116,9,4,F,F,F,T,F,T,F,,N,Y,,
1117,25,4,F,F,F,T,F,F,T,,N,N,,
1118,90,4,F,F,F,T,F,T,F,,N,Y,,
1119,45,4,F,F,F,T,F,T,F,,N,Y,,
1120,3,4,F,F,F,T,F,F,T,,N,N,,
1121,18,4,F,F,F,T,F,F,T,,N,N,,
1122,0,4,F,F,F,T,F,F,T,,N,N,,
1123,1,4,F,F,F,T,F,F,T,,N,N,,
1124,1,4,F,F,F,T,F,F,T,,N,N,,
1125,0,4,F,F,F,T,F,F,T,,N,N,,
1126,43,4,F,F,F,T,F,T,F,,N,Y,,
1127,0,4,F,F,F,T,F,F,T,,N,N,,
1128,4,4,F,F,F,T,F,F,T,,N,N,,
1129,14,4,F,F,F,T,F,T,F,,N,Y,,
1130,3,4,F,F,F,T,F,F,T,,N,N,,
1131,6,4,F,F,F,T,F,T,F,,N,Y,,
1132,3,4,F,F,F,T,F,F,T,,N,N,,
1133,2,4,F,F,F,T,F,F,T,,N,N,,
1134,0,4,F,F,F,T,F,F,T,,N,N,,
1135,0,4,F,F,F,T,F,F,T,,N,N,,
1136,30,4,F,F,F,T,F,T,F,,N,Y,,
1137,1,4,F,F,F,T,F,F,T,,N,N,,
1138,8,4,F,F,F,T,F,F,T,,N,N,,
1139,6,4,F,F,F,T,F,T,F,,N,Y,,
1140,1,4,F,F,F,T,F,T,F,,N,Y,,
1141,0,4,F,F,F,T,F,F,T,,N,N,,
1142,0,4,F,F,F,T,F,F,T,,N,N,,
1143,0,4,F,F,F,T,F,F,T,,N,N,,
1144,0,4,F,F,F,T,F,F,T,,N,N,,
1145,7,4,F,F,F,T,F,F,T,,N,N,,
1146,0,4,F,F,F,T,F,F,T,,N,N,,
1147,0,4,F,F,F,T,F,F,T,,N,N,,
1148,1,4,F,F,F,T,F,F,T,,N,N,,
1149,0,4,F,F,F,T,F,F,T,,N,N,,
1150,1,4,F,F,F,T,F,F,T,,N,N,,
1151,3,4,F,F,F,T,F,F,T,,N,N,,
1152,0,4,F,F,F,T,F,F,T,,N,N,,
1153,0,4,F,F,F,T,F,F,T,,N,N,,
1154,0,4,F,F,F,T,F,F,T,,N,N,,
1155,1,4,F,F,F,T,F,T,F,,N,Y,,
1156,1,4,F,F,F,T,F,F,T,,N,N,,
1157,0,4,F,F,F,T,F,F,T,,N,N,,
1158,5,4,F,F,F,T,F,F,T,,N,N,,
1159,14,4,F,F,F,T,F,T,F,,N,Y,,
1161,4,4,F,F,F,T,F,F,T,,N,N,,
1162,0,4,F,F,F,T,F,F,T,,N,N,,
1163,2,4,F,F,F,T,F,F,T,,N,N,,
1164,3,4,F,F,F,T,F,F,T,,N,N,,
1165,6,4,F,F,F,T,F,F,T,,N,N,,
1166,1,4,F,F,F,T,F,F,T,,N,N,,
1167,5,4,F,F,F,T,F,F,T,,N,N,,
1168,0,4,F,F,F,T,F,F,T,,N,N,,
1169,0,4,F,F,F,T,F,F,T,,N,N,,
1170,3,4,F,F,F,T,F,F,T,,N,N,,
1171,4,4,F,F,F,T,F,F,T,,N,N,,
1172,2,4,F,F,F,T,F,F,T,,N,N,,
1173,5,4,F,F,F,T,F,F,T,,N,N,,
1174,3,4,F,F,F,T,F,F,T,,N,N,,
1175,0,4,F,F,F,T,F,F,T,,N,N,,
1176,0,4,F,F,F,T,F,F,T,,N,N,,
1178,1,4,F,F,F,T,F,F,T,,N,N,,
1180,103,4,F,F,F,T,F,T,F,,N,Y,,
1181,0,4,F,F,F,T,F,F,T,,N,N,,
1182,2,4,F,F,F,T,F,F,T,,N,N,,
1183,1,4,F,F,F,T,F,F,T,,N,N,,
1184,0,4,F,F,F,T,F,F,T,,N,N,,
1186,4,4,F,F,F,T,F,F,T,,N,N,,
1187,0,4,F,F,F,T,F,F,T,,N,N,,
1188,1,4,F,F,F,T,F,F,T,,N,N,,
1189,1,4,F,F,F,T,F,F,T,,N,N,,
1191,2,4,F,F,F,T,F,F,T,,N,N,,
1195,4,4,F,F,F,T,F,F,T,,N,N,,
1196,3,4,F,F,F,T,F,F,T,,N,N,,
1197,3,4,F,F,F,T,F,F,T,,N,N,,
1198,7,4,F,F,F,T,F,F,T,,N,N,,
1199,5,4,F,F,F,T,F,F,T,,N,N,,
1200,2,4,F,F,F,T,F,F,T,,N,N,,
1201,2,4,F,F,F,T,F,F,T,,N,N,,
1202,1,4,F,F,F,T,F,F,T,,N,N,,
1203,3,4,F,F,F,T,F,F,T,,N,N,,
1204,5,4,F,F,F,T,F,F,T,,N,N,,
1205,1,4,F,F,F,T,F,F,T,,N,N,,
1206,4,4,F,F,F,T,F,F,T,,N,N,,
1208,3,4,F,F,F,T,F,F,T,,N,N,,
1209,2,4,F,F,F,T,F,F,T,,N,N,,
1210,3,4,F,F,F,T,F,F,T,,N,N,,
1213,3,4,F,F,F,T,F,F,T,,N,N,,
1214,3,4,F,F,F,T,F,F,T,,N,N,,
1215,2,4,F,F,F,T,F,F,T,,N,N,,
1216,1,4,F,F,F,T,F,F,T,,N,N,,
1219,4,4,F,F,F,T,F,F,T,,N,N,,
1220,1,4,F,F,F,T,F,F,T,,N,N,,
1221,6,4,F,F,F,T,F,F,T,,N,N,,
1223,1,4,F,F,F,T,F,F,T,,N,N,,
1226,1,4,F,F,F,T,F,F,T,,N,N,,
1228,3,4,F,F,F,T,F,F,T,,N,N,,
1229,2,4,F,F,F,T,F,F,T,,N,N,,
1230,2,4,F,F,F,T,F,F,T,,N,N,,
1232,1,4,F,F,F,T,F,F,T,,N,N,,
1233,1,4,F,F,F,T,F,F,T,,N,N,,
1236,2,4,F,F,F,T,F,F,T,,N,N,,
1237,3,4,F,F,F,T,F,F,T,,N,N,,
1238,1,4,F,F,F,T,F,F,T,,N,N,,
1239,1,4,F,F,F,T,F,F,T,,N,N,,
1243,1,4,F,F,F,T,F,F,T,,N,N,,
1245,1,4,F,F,F,T,F,F,T,,N,N,,
1246,1,4,F,F,F,T,F,F,T,,N,N,,
